name,num,link,content,author,pub_time
提问：东莞市爱酷乐玩具有限公司恶意剥夺劳动力，恶意不结算工资,编号:212311,http://wz.sun0769.com/html/question/201904/407880.shtml,本人于今年2月17日在企石镇旧围村的东莞爱酷乐玩具有限公司上班，为正式员工，未签订劳动合同。我从2019年2月17日到3月20日在该公司工作，在此期间我敬忠职守，完成领导交代的工作量，本人在3月8日向该公司领导提出辞职申请，该公司以公司急需用人为由拒绝。（说是只能急辞，就是只给你加班费，白天的上班时间都是白干），3月20日本人再次辞职，但已各种理由不予批准和结算工资，恶意不结算我和我朋友的劳动报酬所得。所以我现在强烈投诉以上公司，黑厂啊，请贵局主持公道！还我一个合法权利！！,小秋风,2019-04-08 15:34:40 
提问：东莞市麻涌恒大滨江左岸不及时为业主办理网签手续,编号:212315,http://wz.sun0769.com/html/question/201904/407885.shtml,2月中已支付恒大滨江左岸的一间三居室的房子，但等待了快2个月，迟迟不给予办理网签手续。多次询问下仍不给出明确的解释。        诉求：希望能官方给予压力，尽早给予业主办理网签手续。,rongxia,2019-04-08 15:43:10 
提问：石厦违建,编号:212320,http://wz.sun0769.com/html/question/201904/407887.shtml,大朗镇石厦村鸡食田2号是我老宅，我老宅下面存在严重违建行为，搭铁棚，砍荔枝树占用道路来建房子，去和对方商量对方还公然叫嚣没人管得了，去村委投诉迟迟没有结果，对方还是继续占用公用土地建房子，恳请有关部门出面处理一下，让我们这些安分的百姓有个信赖的政府，如果再没有处理结果，我继续往上报，我相信中国还是有公义存在的。,333志,2019-04-08 15:47:02 
提问：小孩小学入学问题,编号:212324,http://wz.sun0769.com/html/question/201904/407890.shtml,您好:        我小孩户籍位于东莞市南城区体育路华凯豪庭小区。周边楼盘“联佳大厦”、“世博领寓”、“凯名轩”等都安排在附近南城中心小学，而我们小区在这些楼盘中间，却安排到远在万江的南城阳光二小。学区划分应该本着就近原则，这样的划分无论是上学还是工作均极不方便，建议请相关部门本着为民办实事、办好事的原则，充分考虑实际情况，将华凯豪庭小区也纳入到南城中心小学范围。    此致,lidingpu,2019-04-08 15:55:59 
提问：投诉东莞爱车钱包网络科技有公司充值中石化加油卡不到帐,编号:212322,http://wz.sun0769.com/html/question/201904/407892.shtml,,haozhe3,2019-04-08 15:55:50 
提问：施工沙堆影响商铺,编号:212313,http://wz.sun0769.com/html/question/201904/407879.shtml,,llyr,2019-04-08 15:36:37 
提问：排水渠严重堵塞，污水横流，严重影响出行,编号:212323,http://wz.sun0769.com/html/question/201904/407889.shtml,蟠龙路牡丹亭茶餐厅与星期八酒吧后面那条路是每天必经之路。但这段路的排水渠严重堵塞，污水横流，严重影响附近居民生活通过，臭味熏天，严重污染生活环境。望有关部门组队勘查，给我们居住的居民一个交代。,zhq-5,2019-04-08 15:55:55 
提问：东逸湾二期开发商的霸王条款,编号:212326,http://wz.sun0769.com/html/question/201904/407893.shtml,"阳光网投诉:    1,合同中的补充协议，已明确有霸王条款，并且涉及金额巨大，业主要求工商局提供处罚期限和处罚结果。    2,开发商未提供房屋测绘报告，只是口头强调有，但实际未提供，强行交楼给业主。    3,大朗政府迟迟未给出花园共享期限，一拖再拖，让业主无限期等待。    4,总平面图迟迟未通过，小区道路尺寸合同图纸严重不符，严重损害业主利益。出现的围栏，早已定性为违建。屡次向政府反馈，投诉。政府迟迟未要求开发商限时整改。    5,根据第4条，开发商已违反合同，却强行威胁恐吓业主收楼。已向大朗韩书记反馈，却未得到任何回复。",振宇007,2019-04-08 15:59:08 
提问：望牛墩赤窖农民公寓滥收物业管理费问题严重,编号:212318,http://wz.sun0769.com/html/question/201904/407884.shtml,"望牛墩镇赤窖村农民公寓物管滥收物业费用.本来农民公寓的地是村民共有的,建的农民公寓也是本村村民买来自住,却成为别人的一块大肥肉,物业管理费1.6元/平.请问给过什么样的服务?找个保安看看门口,找几个阿姨清洁一下了事.农民公寓的车位收费,楼下商铺出租收费情况完全没有公示,请问钱都去哪了?农民公寓什么设施都没有,就要收1.6元/平.请问这个钱去了哪里?村民购买时写的物业公司根本不是现在这家物业公司,私自换了物业公司却从没有知会业主们.",xxx5555,2019-04-08 15:44:05 
"提问：樟木头温沙堡保利小区外道路无临停车位, 每天抄违停车上千辆创可观收入",编号:212327,http://wz.sun0769.com/html/question/201904/407871.shtml,"樟木头温沙堡保利是纯住宅小区， 通道也只是这2个小区的专用路且是双向4车道的断头路, 应有别于城市主干道.     外面通道居然没有划临停车位, 每天交警都来抄违停车上千辆. 这是创收还是有组织地有效进行疏通。    政府部门希望不仅是创收, 更应为解决群众的困难. 建议增加划线临停车位",zmtbl,2019-04-08 16:05:48 
提问：沙田立沙花园乱收停车费之余，还威胁说要辞退清洁人员！,编号:212331,http://wz.sun0769.com/html/question/201904/407873.shtml,在现在这个公平公正公开的社会下，我先不理物管是不是乱收停车费。我妈妈在立沙花园物管工作，4月4日她收到物管的一个电话，问我家有没有车没交停车费，如果有车没交的，叫我妈妈不用回物管上班了。试问，在现今这个社会，是法治社会，这样的做法是人治还是法治？,市民0628,2019-04-08 16:08:05 
提问：转租纠纷,编号:212334,http://wz.sun0769.com/html/question/201904/407898.shtml,本人于2018年11月1日跟林*坤租质振兴一路一间铺位经营同时租质一间住宿，签约合同是3年，到目前为止才经营了4个多月，本人每个月按时交租以及水电费，于2019年3月29日，本人经营的铺位以及住宿被供电局停电了，原因是林*坤已经4个月没有给供电局缴费，导致供电局过来停电，造成本人的店铺损失惨重，现在联系林*坤也没有任何的说法，押金也不肯退还，也不肯出面解决，一天一天的敷衍，由于停电造成整栋房屋的住户和铺位商户生活带来极其的不方便，望有关部门给予所有的住户及商户一个说法，谢谢,en1993,2019-04-08 17:21:57 
提问：超过26摄氏度，东莞一中仍不开宿舍空调,编号:212335,http://wz.sun0769.com/html/question/201904/407896.shtml,如题,スサノオ,2019-04-08 17:22:44 
提问：大朗迎宾路新公园噪音扰民,编号:212288,http://wz.sun0769.com/html/question/201904/407832.shtml,,漫漫疆者,2019-04-08 11:37:49 
提问：关于万江滘联张屋村张屋大街东二横巷14号、张屋饭堂后门门口右边有人占用公共地方搭建鸡棚养鸡的投诉,编号:212332,http://wz.sun0769.com/html/question/201904/407872.shtml,,kit1234,2019-04-08 16:08:09 
提问：东莞粤海银瓶合作创新区公租房施工现场噪音严重扰民,编号:212292,http://wz.sun0769.com/html/question/201904/407838.shtml,东莞粤海银瓶合作创新区公租房项目是在谢岗镇稔子园旧村，是镇政府项目。投诉如下：        1.施工噪音扰民，严重扰民，二十四小时施工，时不时发出机械声音，特别是晚上，声音特别大声，严重影响赵林旧村新围的村民休息；        2.曾拨打110投诉，警察去到现场，现场管理人员表示和领导打过招呼，现场管理人员表示现场有一个桩必须要打完，无法暂停，表示会调整施工时间，但第二天晚上依然发出打桩声音，声音不但没有减少反而更加大声頻率更加密声音持续久；        3.希望尽快处理，还村民一个安静的休息环境！！！！！！,xgzlr,2019-04-08 11:44:22 
"提问：对编号为209144号的回复,非常不满意  御景花园夏威夷17座1B养大狼狗,半夜吵人，白天威胁路人",编号:212293,http://wz.sun0769.com/html/question/201904/407837.shtml,对编号为209114号问政，石新派出所的回复非常不满意，因为没有丝毫解决任何问题。半夜狼嚎依然，吵扰邻居。每天还是牵出来没有防护措施威胁路人。而且我想问一下警长。对这种大的像小牛一样的恶犬。养在小区到底合不合法？有什么合法的手续？对这种长年严重影响邻居生活甚至可能威胁生命的行为，你们到底有没有上来处理过？拿出过什么切实的措施？请不要敷衍。,火龙果666,2019-04-08 11:44:28 
提问：塘厦湖景路在建工程“万象楼盘”经常半夜施工，严重扰民！,编号:212295,http://wz.sun0769.com/html/question/201904/407841.shtml,从2018年该工地动工建设以来，多次发生半夜施工，违规作业情况，经多次投诉仍不收敛，也未见相关部门有任何强制措施，杜绝此此类现象再次发生。近期，该工地又开始半夜施工直至凌晨，产生的噪音严重干扰周边居民正常休息，望有关部门予以查处。同时，该工地为何可以接二连三的胆敢多次违法违规操作，是处罚力度不够，还是另有隐情？东莞城管局连半夜施工的问题都管不了吗？,qguyu,2019-04-08 11:46:56 
提问：噪音扰民,编号:212299,http://wz.sun0769.com/html/question/201904/407847.shtml,环城路连接莞樟路出口处路面多处损坏严重，车辆经过轰隆作响，严重影响周边居民，希尽快处理，望解决问题能彻底点，免得还要继续投诉。,忠于使命,2019-04-08 14:45:55 
提问：龙眼村龙眼东二路十八巷二十八号（波记美食店）噪音扰民,编号:212298,http://wz.sun0769.com/html/question/201904/407845.shtml,清明节前后都是噪音频繁，每次都是吵到三四点，吵得让人无法入睡,美丽东莞_3y,2019-04-08 14:45:26 
提问：虎门跨镇公交乱收费,编号:212301,http://wz.sun0769.com/html/question/201904/407850.shtml,我现在向有关部门投诉虎门开往长安的公交都是定格收费，我坐了几次都是这样，什么869啊855啊都是一样上车就是6元，我在网上查了，它是按分段收费2-6元，但是现在都是定格收费，我都是坐了5站，全部都是收6元。公交不是为普通百姓服务的吗？不是公交还有补贴公交公司的吗？怎么还这么贵呢？拿着政府的补贴，还蒙赚百姓的钱，两头吃，太缺德了，希望有关部门管管从虎门开往长安这条线路的公交公司，这样赚钱太缺德了，分段收费变成定格收费。什么事吗!,芒果布丁420,2019-04-08 14:58:55 
提问：城市柏油路是否归小区所有,编号:212302,http://wz.sun0769.com/html/question/201904/407849.shtml,,凹凸曼1,2019-04-08 14:58:59 
提问：东莞生态园风筝广场里面绿道两边摆卖风筝的欺行霸市行为,编号:212304,http://wz.sun0769.com/html/question/201904/407855.shtml,,塘角aaa,2019-04-08 15:12:07 
提问：东江大道西湖段烂尾,编号:212305,http://wz.sun0769.com/html/question/201904/407853.shtml,,0769ln,2019-04-08 15:12:11 
提问：东城嘉宏锦园交房快两年了，但至今未办理不动产证,编号:212303,http://wz.sun0769.com/html/question/201904/407852.shtml,各位领导好！          2017年9月我通过了对嘉宏锦园房子的验收，其也开始进行物业管理费的收取。但截至到现在2019年4月，快两年的时间，至今无法办理不动产证，并且开发商也没有合理的解释和公告，请问中间出来什么问题，为何拖这么久，开发商应该主动承担并快速启动解决方案。谢谢,pepark,2019-04-08 15:12:02 
提问：工厂强制让工人加班,编号:212308,http://wz.sun0769.com/html/question/201904/407859.shtml,广东省东莞市横沥镇村尾三汇工业区 东莞市泰亮半导体照明有限公司，每周上班7天，晚上加班到十点半很累，完全不给人休息不把人当人看，特别是生产线的一个主管叫 蒙*岭的人，别的产线不加班，他还叫你强制加班，不加班拿过去一顿骂，还给别人穿小鞋。,lmx0203,2019-04-08 15:20:18 
提问：申通快递丢了快递，打客服电话，打 了三次了；半个月时间了，迟迟不给处理，一直拖延。,编号:212310,http://wz.sun0769.com/html/question/201904/407858.shtml,3月26日从上海供应商那里寄过来一个申通快递，单号为3703001127736；查快递单号3月28号已签收，但本人并没有签收，显示签收为保安。快递员没有将快递送到地址上的房间里，甚至连个电话都没有打。3月30日出差回来，去一楼保安处找快递，找了半天，并没有找到快递。打了快递员电话，快递员过来跟我一起找，也没找到；认定为快递丢了。然后我就拨打了申通客服电话，反应了情况，申通客服说给处理，过了两天，申通也没有给回复。只有再次打客服电话，还是说已提交上去了，给处理。今天4月8日了，客服还是没有给回应，再次打客服电话；客服还是一样的回答，问题帮我提交了，等待处理。一直不给理处结果，每次打电话都是提交问题，让等待处理。,小小民工,2019-04-08 15:21:09 
提问：南城8路公交车发车时间随意混乱，毫无时间观念,编号:212328,http://wz.sun0769.com/html/question/201904/407867.shtml,,需要关怀的屁民,2019-04-08 16:05:53 
提问：东莞南城江南雅筑小区大量电动车堵塞消防通道,编号:212330,http://wz.sun0769.com/html/question/201904/407870.shtml,东莞南城江南雅筑小区大量电动车堵塞消防通道     东莞南城区江南雅筑多年以来大量电动车随意停置在进门入口处大堂，堵塞楼梯道消防通道，导致平时连人员的进出都比较困难，存在着相当大的消防隐患，多次向物业反馈物业也无任何行动，仅仅是在大门口贴上消防支队发的“禁止电动车入内”的贴纸而已，并没有对电动车划置安置区域，也未对住户宣讲宣传，完全置之不理的状况。恳请消防局对南城区江南雅筑小区做一个视察，并且对物业要求在消防安全方面做出整理整顿的措施，完善小区所有的消防设施及合理安治电动车消除各种消防隐患，谢谢！,可小乐,2019-04-08 16:06:02 
提问：东莞市人民公园清晨五点多外放音乐扰民,编号:212300,http://wz.sun0769.com/html/question/201904/407851.shtml,从上周开始，在清晨五点多快六点的时候人民公园就会有人出来跳广场舞然后外放很大声的音乐。而且音乐声很刺耳。我是人民公园旁莞中的学生，在我们的A栋宿舍楼是紧邻人民公园，所以住在A栋的我们一直都忍受着这清晨扰民的音乐，十分影响睡眠，舍友们都是叫苦连天。希望人民公园的管理人员能落实有关规定，处理好这种现象，还我们学子一个清静的早晨以及充足睡眠。,阿栎栎,2019-04-08 14:58:51 
提问：怡丰都市广场的自来水非常浑浊，根本就不能食用,编号:212281,http://wz.sun0769.com/html/question/201904/407822.shtml,自来水非常的浑浊，用白色碗接的水都是黄黄的根本不敢食用，希望有关部门能尽快帮忙解决这个问题,fwj1995,2019-04-08 11:25:31 
提问：莞城新风路卫生问题,编号:212273,http://wz.sun0769.com/html/question/201904/407809.shtml,新风路两旁设有很多垃圾桶，但路口中心小学分校对面和市职业学校对面两个垃圾桶简直臭气熏天，路人行过都臭到无法忍受，经多次发现臭的垃圾桶附近都有餐饮店，也亲眼看见餐饮店直接把厨余往垃圾桶里倒，新风路还有很多垃圾桶都有臭味，只是这两处尤为突出，希望环卫部门多清理，也要请有关部门对饮食店做好宣传工作。,粤s小市民,2019-04-08 11:13:49 
提问：华阳村私占车位影响正常停车,编号:212286,http://wz.sun0769.com/html/question/201904/407826.shtml,,raine,2019-04-08 11:32:26 
提问：洪梅保利海棠还我2万定金血汗钱！！！,编号:212283,http://wz.sun0769.com/html/question/201904/407823.shtml,"本人于2018年10月5号去洪梅镇保利海棠看房，当时正好遇到搞特价房优惠活动，可以3万抵8万，如让销售人员争取还可以3万抵10万，当时我们正在看房时，销售告诉我们，再不交定金就被别人抢走了，刷卡机就放在我们面前，让我们抓紧时间交定金，我们没有多想就交了定金。销售人员存在误导销售并制造紧张售楼气氛，现要求开发商退回包含定金在内的5万元。请政府部门协调解决此事，谢谢！         我们是在10月7号提出退定的，（我看到政府有发文2个工作日内提出退定是合法的）还写了申请书，走了开发商所谓的流程,开发商还让我们交给他们认购书和定金2万的收据。（认购书和收据上个月刚刚给我们，长达2个多月的时间，开发商收了我们2万定金，我们手上没有任何凭证）就在提出退定的一个周末，我们收到的回复是不给退定金，我们马上找开发商商量能否买回原来的那套房？毕竟是2万，我们辛辛苦苦要存半年。可是开发商回复我们房子被锁定，想买也只能选择其他的房源，这个时候我们还没有收到正式的书面的文件。我们找到销售，他们一再推诿，最后干脆避而不管。这样的处理方式让我们很寒心，让我们觉得就是上当受骗，开发商一心想没收我们的定金。到今天为止，我已经不知跟谁沟通处理此事，销售已经辞职，销售经理也不管。请相关部门帮忙解决！给我们主持公道！谢谢！",jeff-13,2019-04-08 11:25:41 
提问：每晚深夜至凌晨都发出打枪声,编号:212272,http://wz.sun0769.com/html/question/201904/407811.shtml,东莞市大朗镇长塘村大井公250号一楼，每天晚上深夜至凌晨通宵作业时都发出枪击声，严重影响本人全家人睡眠是否合法？如果合法请说明理由，是谁批准他们长期通宵作业扰民？而属建法应怎样处理？屡教不改是否应动法？何时才能立实处理，彻底解决通宵作业扰民问题？为民办实事为何总是没办法？,yesmizhng,2019-04-08 11:13:44 
提问：关于南城体育公园拆除的问题,编号:212280,http://wz.sun0769.com/html/question/201904/407824.shtml,你好 我想请问南城体育公园为什么要拆 南城西平附近 可以供市民活动的地方有且仅有这一个 如果拆除 是否应该在附近做一个调研呢？？？而且 这个公园才修建不久 许多附近的市民都在这边运动 我周边的市民也都在不断投诉 为什么现在还是坚持要拆？？？ 能不能给我们南城居民一个答案？这里面是否存在猫腻呢？真心希望能够为南城市民着想 不要为了卖地 毁了周围居民的唯一运动地点,爱东莞的刘茵,2019-04-08 11:25:26 
提问：汽车年审尾气检测弄虚作假,编号:212275,http://wz.sun0769.com/html/question/201904/407815.shtml,对年审尾气不合格车辆造假问题，为尾气明显存在问题，出具虚假尾气检测报告，本人还收集了多个站的车辆，望贵局核查，谢谢！    高埗福顺检测站：粤A4LD49、粤S614RS、粤S5KB33、粤SWV448;    聚源检测站：粤BWL178、粤G5N066;    康源检测站：粤AF89R0、粤SP5802、粤A5R6F5;,以人民的名义.,2019-04-08 11:15:43 
提问：投诉厚街镇中心区某餐饮店抽油烟机噪音太大严重影响居民身心健康,编号:212287,http://wz.sun0769.com/html/question/201904/407828.shtml,尊敬的领导：           您好！           本人是厚街镇中心区东风新村的居民，去年起，东风新村二巷开了一间名为“丑学长酸菜鱼”的外卖餐饮店，该店安装抽油烟机时未按照国家环保规定配置安装除噪管道，而是直接在墙上开洞安装抽油烟机，导致大量废气直接排出，同时给周围造成了极大的噪音的污染（现场实测超过60分贝），由早上九点一直持续到晚上十点，严重影响周围居民的休息，本人因为中午和晚上被这个抽油烟机带来的噪音吵得无法入眠，导致头昏脑涨、精神恍惚、精力不足，严重影响到工作和身心健康！本着睦邻友好、理性解决的原则，本人曾和该店主协商建议他们给抽油烟机安装除噪管，但该店主置之不理，之后本人又三次通过电话向厚街镇城市管理执法部门反映此事，但一直没有下文。           习 主 席一直强调“群众利益无小事“，然而却出现如此直接损害居民身心健康的恶性事件而且长时间得不到丝毫解决，这是对和谐社会赤裸裸的挑衅、对群众权益的极大侵害，请市有关部门依法依规从速对该店做出相关处理还周边居民一个安静的居住环境以防止群众身心健康继续受损！如果市有关部门不作为，本人将继续向省有关部门投诉。,受气的小百姓,2019-04-08 11:32:51 
提问：邻居霸占公共走廊私自修隔离门,编号:212238,http://wz.sun0769.com/html/question/201904/407762.shtml,,大海随风,2019-04-08 10:20:40 
提问：环卫工人乱倒垃圾,编号:212240,http://wz.sun0769.com/html/question/201904/407768.shtml,道滘镇金牛新村东路，金牛阁隔壁香蕉园处，环卫工人将生活垃圾倒入香蕉园，香蕉园处，生活垃圾生活垃圾堆积成山，政府，村委无人问，无人管,hu1982,2019-04-08 10:24:34 
提问：东莞市人民医院门诊挂号费大幅飙升,编号:212242,http://wz.sun0769.com/html/question/201904/407774.shtml,因为阳光问政平台里的受理单位没有东莞市卫生和计划生育局，或，东莞市人民医院，故发往到市卫生健康局，希望市卫生健康局领导能帮忙转发以下问题到东莞市人民医院，感谢！    2019年4月7日上午，本人发现东莞市人民医院的门诊挂号费出现大幅度的飙升，本人记得上个月我家小孩在总院看儿科急诊，收费是16元，最近一次变成了19元，刚开始我不留意，后来翻查之前的挂号单，发现，之前的主治医师是11元、副主任是14元、主任和专家是16元，今天发现该问题后 ，我通过“东莞市人民医院”微信公众号里的“我要挂号”，发现主治医师是14元，副主任是19元，某些主任和专家竟然是25元，而且慢性病开药不能还是开到1个月，要患者一个月内多次求诊，这样操作，变相增加了患者挂号费的支出，真的是向求诊患者开刀啊~    希望东莞市人民医院的各级领导，能认真贯彻学习新时代中国特色社会主义思想，本着一切为民的态度，认真纠正错误，造福东莞市人民群众。本人在此先代表广大东莞人民群众感谢了！    希望我的意见，能得到东莞市人民医院的重视！,大市民,2019-04-08 10:34:54 
提问：投诉汽车钱包,编号:212241,http://wz.sun0769.com/html/question/201904/407767.shtml,投诉汽车钱包，本人从二月二十八号在汽车钱包充值五百块钱，至今未到账，期间多次致电客服，均表示会在近期到账，然而两个月过去了，迟迟不兑现。,123456吖,2019-04-08 10:25:00 
提问：东莞市卫生健康局对病人投诉态度不明,编号:212244,http://wz.sun0769.com/html/question/201904/407773.shtml,我3月13日投诉东莞市第三人民医院，市卫生健康局只是把第三人民医院的回复作为他们的回复，卫生健康局是什么态度，对第三人民医院的处理结果是什么？都没有。以下是我3月13日的投诉:2019年3月8日凌晨2点，我肚子疼痛难忍，到三院就医。他们判断原因是肾结石掉入输尿管。让我花了117元做彩超，拍出的彩超不能查出结石大小和位置，他们又建议我花一千多元去做CT。而且在有转诊单的情况下只能报销几十元。而且建议我住院手术，要花一万多元。我问他们为什么不用花费只用700多元的体外碎石方法，他们说这种方法看不清结石位置和大小。我没有采纳。我到了另外一家三甲医院，只花了55.2元拍了一个X光片，就看到了结石的大小和位置，而且医生说体外碎石机是可以看到结石的位置和大小的。同样的情况，我的同事就是在三院手术花了一万多元。三院就是故意能用便宜的方法而不用，故意浪费病人和国家医保的钱，来达到他们的创收目的。三院给我开的药，三盒双石痛淋胶囊，每盒36粒44.93元，一盒二氟尼柳片，每盒12粒30.13元。医改这么久，药费没有降下来，诊疗费却涨上去了。我这么多年多次在三院看病、住院，同样的感觉是贵、服务态度差。我儿子出生时把我小孩的医学诊断证明开错，剖腹产开成顺产，到社保局报销时，人家不给办，还怀疑我造假。去年有一次晚上我肚子疼痛难忍，到三院急诊科就诊，我有社保卡，但医生因为我没带病例不给我看病，我说你们先给我看，我随后补，医生说没有电子病例，说什么不给我看，还说:“你难受，来看病的人都难受！”……，不一而足。服务态度比东莞任何一家医院都差。不知道有多少人受了气，花了冤枉钱而不敢说。在当下国家大力治理看病难、看病贵的大环境下，希望市有关部门能够重视三院的问题。,zxl@xk,2019-04-08 10:35:06 
提问：消费者不公平对待,编号:212245,http://wz.sun0769.com/html/question/201904/407770.shtml,位于东城区东城中路君豪商业中心8楼828，电话：33667782，东莞韩国MOOn light baby儿童摄影连锁店，本人于1月9日在本店消费在微信上宣传“9.9元定制2019新年台厉”活动与客服微信沟通得知另加10元可以制造12张，即时微信再补付10元，2月24日完成他们要求相片，并问及什么时候能完成，客服说做好会提前通知。3月10日本人问什么能完成，没有回复，3月12日再次微信问，回复说一个星期后会完成，4月2日问没有回复，其间有打电话到他们公司了解情况，他们推说要联系客服。到4月5日再次微信问，当天晚上11：48回复说厂家漏了我这份，发回了原收19.9元红包。他们公司这样对待客户的吗？难道认为消费金额少就可以受到这样不公平的对待？从1月份至4月初，这么长时间，中途为什么没有说厂家漏做？是把消费者玩弄？4月6日早上8：37打电话到本店，接听是黎小姐，说不是她来负责，她也不知道，会把事情反映给有关人员处理，结果等了一天还是没回音。如果不接受这样低消费，为什么当初在微信上大量宣传这个活动，此活动与现实消费不相符，这样行为是否欺骗消费者？希望有关部门处理，让消费者得到应有公平的对待。,米米a,2019-04-08 10:35:11 
提问：虎门龙眼违法建筑,编号:212243,http://wz.sun0769.com/html/question/201904/407771.shtml,虎门镇龙眼社区东三路八巷11号…超出报备范围…趁假期休息…值班人员稀少…公然我行我素的抢建！目无王法！,虎门外来工,2019-04-08 10:35:02 
提问：京瓷员工宿舍与美能达之间马路乱摆摊,编号:212247,http://wz.sun0769.com/html/question/201904/407778.shtml,,kyocera,2019-04-08 10:38:10 
提问：本地阿叔楼顶养了很多鸡很吵,编号:212248,http://wz.sun0769.com/html/question/201904/407776.shtml,我要投诉万江牌楼基兴隆街二巷二号的本地人楼顶养了很多鸡！那些母鸡天天早上6点就开始吵了！一直不停的吵到中午11点左右！有时有两三个母鸡一起唱歌吵闹！多次与本地阿叔沟通无效！望有关部门查实后能够处理一下母鸡！本来不想投诉的！但实在太难受了！每天都是这样的！,养鸡太吵了,2019-04-08 10:38:14 
提问：松山湖台科花园附近渣土车经常冲红灯，严重威胁行人及行车安全,编号:212252,http://wz.sun0769.com/html/question/201904/407787.shtml,松山湖台科花园附近渣土车经常冲红灯，逆行，超速危险驾驶，严重威胁行人及行车安全，造成极大的交通隐患，违章这么多次为什么就没有人处理，是不是要等到出严重事故才来重视问题？！希望相关部门重视这个问题！,火龙果2019,2019-04-08 10:45:56 
提问：清溪三中回收站长期24小时噪音污染无人管,编号:212253,http://wz.sun0769.com/html/question/201904/407785.shtml,清溪三中村群光厂旁边那个小废品回收站，成天24小时进行机械加工作业噪音不断，你白天8点到晚上12点也就可以了，    结果通宵通宵的制造噪音，让人睡觉都无法睡安稳。而且该厂区内各种塑料制品以及其他易燃物胡乱堆叠，夏天到来极易自燃，    造成安全隐患，望过问。,郁闷的123,2019-04-08 10:46:00 
提问：悦驾网APP诸多问题 浪费我时间,编号:212254,http://wz.sun0769.com/html/question/201904/407786.shtml,悦驾网APP要让学车的人学满16小时才能考试，这个APP经常闪退，常常学习了几十分钟也计时为零，简直就是在浪费学车人的时间，APP这么多问题，也不升级。APP太低级，看视频经常卡顿，签到签退也捉摸不透。,市民邓女士,2019-04-08 10:46:04 
提问：科技路富佳购物广场跳舞的音箱声音太大,编号:212257,http://wz.sun0769.com/html/question/201904/407788.shtml,清溪科技路富佳购物广场北侧隔壁（骏悦国际酒店对面），每天晚上有个营业性（也许不收费）的户外跳舞池，音箱声音开的很大，每晚持续到22点多，在恒盈豪庭靠最里面都听着吵人，小孩子完全没有办法写作业。    建议对该影响市民的噪声点进行取缔，或者依照GB 22337-2008《社会生活环境噪声排放标准》控制噪声在二级标准之内，白天60分贝以下，夜间50分贝以下。,joyfultian,2019-04-08 10:49:30 
提问：联通信号非常差啊！亲爱的,编号:212258,http://wz.sun0769.com/html/question/201904/407795.shtml,,陈书记,2019-04-08 10:53:15 
提问：投诉高埗镇综合执法分局主要领导不作为,编号:212259,http://wz.sun0769.com/html/question/201904/407792.shtml,我投诉高埗镇综合执法分局主要领导不作为，懒政怠政，办事拖拖拉拉，高埗新增燃气供应点，从规化，立项，提交申请到现在已过半年之久，一直没有回应批复，我想请问这是为什么？有没有依照规章制度办事。在中央一直强调优化营商环境，放宽市场准入，提高办事审批效率的今天还能有这种现象出现，我觉得不可思议。再问高埗综合执法主要领导为何一直拖？是领导当久了，当成老油条了？不把老百姓放心上了？还是等着申请人送钱？等着吃拿卡要？还是跟目前现有的燃气供应站点达成了什么不可告人的秘密？有利益输送？怕审批后对现有的站点经营造成影响？希望能给我们一个实实在在的答复！如果还是没答复我们将继续向上级部门跟纪委反映，这也是没办法的办法，希望你们这些做领导的也能理解最底层的老百姓，谢谢！,mgw777,2019-04-08 10:54:05 
提问：湖山雅居别墅违建,编号:212261,http://wz.sun0769.com/html/question/201904/407798.shtml,,一个普通路人甲,2019-04-08 10:58:40 
提问：振兴路斑马线人行道中间设置栏杆和阶梯，对轮椅和婴儿车出行造成不便,编号:212263,http://wz.sun0769.com/html/question/201904/407804.shtml,我是一个二胎妈妈，每次去佳美超市过马路的时候，手拉着大宝，还要推着婴儿车带上小宝，遇上人行道上的栏杆和阶梯我就觉得好奔溃，我明白你们的设置是为了不要车辆掉头，这个中间装2个杆就可以了，还有就是你们还搞了一层阶梯，我每次要花好大力气才能搬起婴儿车扛过去，加上两边车辆很多，意见过马路的也不会礼让，你能体谅一下当时一个妈妈的心情吗？还有就是对残疾人也造成很大的不便，做轮椅的人要怎么过马路？我真心建议你们可以把这些考虑一下啊，选了投诉是因为每次路过就心里吐槽好几遍！,你说我是谁呀,2019-04-08 11:03:26 
提问：虎门新联公园门口摆摊无人管,编号:212285,http://wz.sun0769.com/html/question/201904/407830.shtml,虎门新联公园门口占道经营，无人管，垃圾遍地，阻碍交通。,火页1,2019-04-08 11:32:20 
提问：长安厦岗小学聘用些不务正业的代课教师，加大家长们心里负担,编号:212269,http://wz.sun0769.com/html/question/201904/407806.shtml,作为家长，谁不希望自己的小孩有一个好老师引导入门，但长安厦岗小学在人事任用上就不一样，放着大批正规师范院校毕业学生不用，去招一些不务正业的社会闲杂人员来充当公立学校的教师，有一个音乐代课教师 贺XX ：其利用在厦岗小学做音乐教师的身份，私自在校外搞培训班，高价售卖家长乐器，还拿着国家义务教育，学校免费学习的招牌，经常找理由联系学生家长去他哪辅导，每次都是几百几千的交，不去吧，又怕得罪老师，去吧，又承受不了太多的经济负担，许多家长都是忍气吞声，敢怒而不敢言。还有招了一个小店人员蓝XX做音乐教师，进去后大肆叫学生去他那学习，并且一次交一年以上学费，学期结束后卷款走人，家长们无处伸冤。更有可笑之处，不知用什么关系，找了一个童XX的语文老师，就附近工厂的一个多年打工人员，不进厂后就去卖保险，卖着卖着摇身一变就成了厦岗小学的光荣教师。          真不知道，这些人配得上教师的称谓吗，欢迎深入群众，学生家长中间调查，透明的事实。,dgxunjia,2019-04-08 11:09:35 
提问：东宝眼镜店销售劣质眼镜架,编号:212264,http://wz.sun0769.com/html/question/201904/407802.shtml,我于2017年10月3日在东宝眼镜有限公司莞城市桥路38号门店配了一副近视眼镜，选用价格520多元的新超越牌30382C1型镜架（售后承诺书上规定：501元以上眼镜架包用一年），戴了8个月出现二只镜架腿变形断裂，2018年6月23日返回东宝眼镜市桥门店反映质量问题，当时店员硬说是使用不当引起，经过交涉最后同意换一副同样镜架，但要收取60元人工费，这是第一次解决方案。            之后我一直小心按照店员说的方法去使用，过了10个月，近日镜架又出现一只镜架腿变形断裂，2019年4月6日再次到东宝眼镜市桥门店反映质量问题，店员又说是使用不当所致，并且说这次要换镜架就要按销售价的8折收费，而且店员漏嘴说出第一次只是换了二只镜架腿，当时收60元实际上是换腿的费用，而不是更换整个镜架（原来第一次说更换整个镜架也只是忽悠顾客的）。            东宝眼镜店销售劣质眼镜架，二次都是使用不到一年就出现同样的质量问题，并不承认自己的商品存在质量问题，保修期内又不予保修承诺，实际上是对消费者的欺骗行为。希望质量监督管理部门能对东宝眼镜店的商品质量进行监督检查，并约束其遵守保修承诺，以保障消费者的权益。,寰宇关注,2019-04-08 11:03:52 
提问：东莞厚街阳光商业城店铺门前高音喇叭扰民,编号:212265,http://wz.sun0769.com/html/question/201904/407801.shtml,东莞厚街阳光商业城店铺门前高音喇叭扰民。一直一来东莞厚街阳光商业城店铺高音喇叭扰民不断，作为承租方的阳光商业城物业投诉不理，城管来了才意思性的处理，走了继续放任商铺高音喇叭播放。 特指 “靓妆”店铺，连带旁边2个店铺一起吵，连锁反应，这个街道开始吵。    用喇叭拉客可以，请把喇叭放在自己店面里面并不要面对马路，现在放在路边，对着路人，店里面不吵，过路的都要吵死，小孩都要捂着耳朵走。望相关部门能积极解决。,要努力挣钱,2019-04-08 11:03:57 
提问：凤岗沙岭车站有车辆逆行到红绿灯口,编号:212249,http://wz.sun0769.com/html/question/201904/407783.shtml,,随时问政啊,2019-04-08 10:43:10 
提问：望牛墩镇石排村标记粥档半夜噪声扰民,编号:212237,http://wz.sun0769.com/html/question/201904/407764.shtml,望牛墩石排村标记粥档每天凌晨三点多就有车过来收碗筷去清洗，搬碗筷上车产生噪声，持续大约一小时，影响周边村民休息，麻烦相关部门处理。,lai-4v,2019-04-08 10:20:36 
提问：冼沙五坊旧村前往拜山场地路况安全问题严重,编号:212205,http://wz.sun0769.com/html/question/201904/407714.shtml,,12为人民服务,2019-04-07 15:51:57 
提问：关于厚街丰泰观山碧水小区生活设施不配套问题,编号:212203,http://wz.sun0769.com/html/question/201904/407708.shtml,你好，我厚街丰泰小区入住三年了，买房时销售人员承诺商业配套逐步会完善，但开发商不做为，入住 三年了都没有一个买菜的市场或超市，给最基本的生活造成了很多的不便。开发商为了节省成本，楼巴车原先由六趟改为三趟，给我们的生活造成了很大的不便，尤其是老人出行造成不变。2.丰泰观山碧水开发商有私自暂停开发项目，与房地产政策相背，一些项目迟迟不开工，如酒店建设和靠近湖边的天悦墅。请相关部门明查,rwx2011,2019-04-07 15:47:03 
提问：万江区拔蛟窝祠前路老人活动中心荷花池早上噪音扰民！,编号:212204,http://wz.sun0769.com/html/question/201904/407716.shtml,"5点左右有个老头在跳广场舞,音量超大,觉也没法睡.天天如此,请处理好.(让老人在其他没人的地方跳)",白飞123,2019-04-07 15:51:30 
提问：在工厂发生工伤，工厂不闻不问，寮步新旧围劳动站和镇劳动局有调解，但厂里里采取拖字诀，无奈,编号:212201,http://wz.sun0769.com/html/question/201904/407710.shtml,,l156,2019-04-07 15:46:53 
提问：安信丰田骗社保少缴纳9个月，才一直拖着迟迟不帮员工补缴社保，这事合法了吗？,编号:212206,http://wz.sun0769.com/html/question/201904/407715.shtml,尊敬的镇府领导您好：           关于我入职时间，为实习期间在广东省东莞市安信丰田汽车销售服务有限公司工作，公司故意欺骗我们实习生，一直拖延购买社保事宜，希望在这里通过你们政府可以帮我们取回相关的社保补缴，当时我有找行政部经理协商好了，答应帮我补缴，后来一直拖着，说不能补，有这种事情吗？实在没办法了。,5678999,2019-04-07 15:52:02 
提问：中国移动霸王条款欺骗扣费,编号:212207,http://wz.sun0769.com/html/question/201904/407712.shtml,,惠村民,2019-04-07 15:52:40 
提问：关于东莞城南艺境 加压水以及污水处理费的问题,编号:212208,http://wz.sun0769.com/html/question/201904/407720.shtml,,宇航员的,2019-04-07 15:58:03 
提问：关于投诉常平站前派出所长期管理混乱,编号:212211,http://wz.sun0769.com/html/question/201904/407725.shtml,主要投诉内容为以下几点：1.管理混乱，报警按照相关程序进行处理；2.除非自已强硬要求，不然全部没有按照相关程序给予报警回执（曾经因为某案件，多次投诉才拿到报警回执）；3.民警办案随意，连口供也可以不录就说查了；4.近期因为团贷网到站前派出所报案，受到该派出所及其鼓动村委会多次对我及家人进行骚扰，造成不必要的麻烦。,笑傲莞邑,2019-04-07 16:07:43 
提问：违章搭建棚架、挖地下室,编号:212212,http://wz.sun0769.com/html/question/201904/407724.shtml,,jo-xuan,2019-04-07 16:07:48 
提问：对投诉石碣碧桂园紫辰花园高速严重噪音编号2103，环保局回复的不满意（第二次投诉）,编号:212215,http://wz.sun0769.com/html/question/201904/407722.shtml,,欣赏现在,2019-04-07 16:08:02 
提问：汽车改装排气管噪音扰民,编号:212214,http://wz.sun0769.com/html/question/201904/407721.shtml,,dgrosder,2019-04-07 16:07:57 
提问：塘厦镇沙湖市场乱摆摊严重！多次电话塘厦城管局投诉没人处理！占用车位摆摊！挡住商铺门口！,编号:212216,http://wz.sun0769.com/html/question/201904/407730.shtml,塘厦镇沙湖市场乱摆摊严重！多次电话塘厦城管局投诉没人处理！占用车位摆摊！挡住商铺门口！请相关部门处理,平安塘厦,2019-04-07 16:14:58 
提问：非法圈养大型犬类，严重影响周边居民生活,编号:212218,http://wz.sun0769.com/html/question/201904/407727.shtml,尊敬的领导，请您到现场看看吧东莞市莞城区罗沙新兴北路6号非法圈养大型犬类，将犬类排泄物及吃剩的各种食物，打包剩菜等直接冲洗至公共通道！导致通道到处是犬类排泄物及各种吃剩的食物骨头。严重影响周边居民,逼桂圆是个坑,2019-04-07 16:15:07 
提问：茶山镇粟边村半夜总有各种工业废气恶臭味让人窒息,编号:212194,http://wz.sun0769.com/html/question/201904/407707.shtml,住在茶山粟边村每天半夜总是被恶臭味熏醒，让人窒息，怀疑有人半夜排放工业废气，不是一天两天了，住在粟边有几年了时不时晚上就突然冒出恶心反胃无法呼吸的气味。希望有关部门引起注意，调查整顿,celina胡,2019-04-07 15:31:00 
提问：厚街镇下栅水混园区6号 乱放杂物挡路过车,编号:212196,http://wz.sun0769.com/html/question/201904/407705.shtml,,vk147,2019-04-07 15:31:10 
提问：国家标准《城市居住区规划设计标准》GB50180-2018 住宅限高80米,编号:212219,http://wz.sun0769.com/html/question/201904/407731.shtml,,虎门城市论坛,2019-04-07 16:25:18 
"提问：樟木头镇荔苑路景城花园养狗问题, 严重威胁到了人的安全",编号:212197,http://wz.sun0769.com/html/question/201904/407706.shtml,樟木头镇荔苑路景城花园养狗问题，花园养狗的业主很多，都变成养狗场了。多次投诉给管理处也无人处理，狗好大一条又不栓绳，严重威胁到了人的安全。半夜里经常大喊大叫的，好多邻居因此无法入睡。狗到处拉便便拉尿尿，楼道上及花园内部到处是狗便便，狗主也不处理，特别是景翠阁，7C有2只狗，拉得到处是便便与尿尿，臭呼呼的。这些问题邻居们都不知向哪投诉，也有因狗叫报警过，但警察来了狗刚好不叫了，就不处理又走了。邻居们都很无奈，烦请相关领导帮处理。谢谢！,angohuang,2019-04-07 15:31:14 
提问：路灯，发了两个贴子了，没人来修。,编号:212221,http://wz.sun0769.com/html/question/201904/407732.shtml,,zccjion,2019-04-07 16:37:11 
提问：虎门北栅仁中岗团结路25号后巷脏乱差,编号:212222,http://wz.sun0769.com/html/question/201904/407740.shtml,虎门北栅仁中岗团结路25号后巷脏乱差,jacky07,2019-04-07 16:42:00 
提问：摆摊的堵小区出入口，乱摆乱放，喇叭声震天响叫卖，垃圾成灾,编号:212226,http://wz.sun0769.com/html/question/201904/407741.shtml,东莞大朗镇怡朗路城管边上，农行路段，摆摊成群成灾，又堵居民小区出入口，人车都出入困难，又放喇叭叫卖，震天响，严重影响居民生活，苦不堪言！且每次收摊后，垃圾成堆，导致老鼠成群结队，肆意蔓延。因受不了摊贩越来越多，变本加厉叫卖，有去找过他们，但找摊贩谈一次就好个三五天，过后又过之而无不及，实难忍受，望有关部门领导重视群众诉求，为打造城市文明形象为目的，重治此现象，最好做到每天有人监督管理，给群众的生活带来一丝安宁，感激不尽！另外，农行斜对面的财经大厦i派ktv与湘菜馆也是喇叭声轰鸣，严重影响到了居民的生活作息，恳请处理，谢谢你们了！,倚天不出,2019-04-07 16:44:45 
提问：大朗镇屏山村主干道路烂尾3年无人处理，村民出入严重影响,编号:212227,http://wz.sun0769.com/html/question/201904/407745.shtml,,火龙果2019,2019-04-07 16:44:51 
提问：长安锦江花园大门口汽车乱停乱放的问题突出，存在严重的安全隐患，盼加强违停执法！！！,编号:212228,http://wz.sun0769.com/html/question/201904/407748.shtml,2018年已多次投诉反映长安锦江花园大门口及小区周边机动车乱停乱放的现象，交警部门持续执法一段时间后，乱象有所改善，但近期，小区大门口及周边违停乱放的现象死灰复燃，且有越来越严重的趋势，存在严重的安全隐患！！！                每天下午五六点开始到早上九点（周末更加严重），小区大门口左边划黄线区域（海王星辰药店正面），里里外外停满了五六层的的机动车，已占到了锦祥路的一大半，加之锦祥路与河东二路交汇处有转角，违停车辆造成了极大的视角盲区，而且来往机动车速度都很快，曾经目睹2次机动车与电单车，机动车与机动车刮碰事故，所幸未造成人员伤亡。           从小区开车出门转弯视野严重遮挡，每次左转都是心惊胆战，期盼交警部门能持续、严格执法，尽早消除安全隐患，避免交通事故悲剧发生后再去亡羊补牢，还周边居民一个安全出行环境，万分感谢！！！,萝卜头-kd,2019-04-07 16:46:25 
提问：长安镇厦岗福海路供水抢修长时间影响居民交通及店铺生意,编号:212230,http://wz.sun0769.com/html/question/201904/407753.shtml,,xixi-,2019-04-07 16:56:24 
提问：举报涉嫌居民住宅楼内无证经营餐饮服务,编号:212229,http://wz.sun0769.com/html/question/201904/407746.shtml,,2milk,2019-04-07 16:48:00 
提问：万江区石美社区友谊路191号工厂 污水废气排放！,编号:212236,http://wz.sun0769.com/html/question/201904/407756.shtml,万江区石美社区友谊路191号工厂那边经常有废气排放！经常下班时间特别晚上6-10点偷排，经常有股废气臭味，刺鼻！排污水废气有一段时间，望实地勘查下，是否存在污染环境情况！,路军123,2019-04-08 10:18:21 
提问：石碣袁崇焕中心附近的万安园（墓园）管理费凭什么无理涨价100%？？,编号:212220,http://wz.sun0769.com/html/question/201904/407711.shtml,石碣袁崇焕中心附近的万安园（墓园）管理费凭什么无理涨价100%？？    2018年管理费为120元/格，2019年清明节去拜祭先人，管理费竟然涨价了100%，需要240元/格，价格翻倍，不堪重负！    请问石碣单屋的这个万安园是由什么部门管理的？其定价、涨价的标准是什么？涨价100%是否有物价局相关文件指导？        特此反映此情况，希望有关部门严格控制相关管理费、服务费，制定合理价格区间，关心民生，请千万不要让“发死人财”的情况发生！期盼回复，谢谢！,higood,2019-04-07 16:35:14 
提问：犀牛陂村水厂路噪音扰民,编号:212176,http://wz.sun0769.com/html/question/201904/407667.shtml,投诉大朗镇犀牛陂村水厂路手机店噪音扰民，一天到晚都放广播，而且很大声，根本无法休息，连日常交谈都靠吼，已经造成很严重的效果，希望有关部门管管。,鸿泰文,2019-04-07 14:50:15 
提问：出租屋抽水泵24小时工作噪音严重扰民,编号:212177,http://wz.sun0769.com/html/question/201904/407681.shtml,,saive,2019-04-07 14:55:37 
提问：万科幸福城二期噪音影响居民睡眠休息何时解决,编号:212175,http://wz.sun0769.com/html/question/201904/407670.shtml,我是万科幸福城二期业主，环城东路噪音手机测试超过71，严重影响居民生活健康工作，希望在这里可以得到很好的解决！,amwceln,2019-04-07 14:40:05 
提问：现严重投诉桥头镇戛纳湾项目，进行不法销售且存在严重诈骗行为,编号:212179,http://wz.sun0769.com/html/question/201904/407674.shtml,尊敬的政府领导好：    现严重投诉桥头镇戛纳湾项目，进行不法销售且存在严重诈骗行为：    1、2018年2月5日，经现场销售推荐购买项目购房券2张，每张10万元，并承诺每张券赠送10万白酒，购房券在开盘后会有现场销售协助转让，每张券可帮助盈利2万左右；    2、销售原承诺项目2018年5月取得预售证开盘，开盘后即可转让，后一拖再拖，直至2018年11月才取得预售证开盘，开盘后开发商老板又拒绝现场转让更名，承诺在2018年12月份可退还买券钱，酒白送，12月份时又推到年后，说年前资金紧张；年后3月份，申请退掉时，开发商老板又承诺10万的券可退15万，但要继续等待。    3、由于开发商老板屡次失信，解决时间一拖再拖，现严重怀疑开发商老板有携款潜逃的可能性，且赠送的白酒为网络定制酒，市面无销售，无法流通，标价899/瓶，预估实际价格不到100/瓶，该酒专门为此次购买房券量身定制，欺诈百姓；        现请求政府领导及时出手，挽回百姓损失，20万在开发商眼中可能是小钱，对于我们需要几年工资才能赚到，请求政府领导主持公道。    感谢,检举不法行为,2019-04-07 14:56:05 
提问：石龙镇黄洲濠兴逸苑小区公共用地违建,编号:212178,http://wz.sun0769.com/html/question/201904/407676.shtml,小区的南门上面平台被一家种盆栽的人租用，并且还违建了一个房子作为居家居住，在里面炒菜，有老人有小孩，本来这个地方属于小区公共用地，未经过业主同意就私自出租出去，还违建，非常过分。,箫淡85,2019-04-07 14:55:40 
提问：为何沙田立沙新区五村村委会授权物管公司收取拆迁房村民停车费,编号:212235,http://wz.sun0769.com/html/question/201904/407754.shtml,立沙新区是五村拆迁房的村民，村民有大部分都不同意收取停车费，而五村村委会居然授权物管公司收取停车费，搬迁时签的合同里面也没有说明物管公司能收取村民的停车费作为经营成本，如果该物管公司觉得这样经营不到，可以不听从村民意见，在小区出口处设置门卡就想收取村民停车费，这跟土匪明抢有区别吗？难道村民不能更换物管公司吗？既然这家物管公司就现有收入维持不下去，那就换一家，市场经济是公平的，买卖双方也应平等，不应该强行明抢！    诉求:更换物管公司，停止收取村民停车费！,召67032,2019-04-08 10:18:17 
提问：信号差,编号:212232,http://wz.sun0769.com/html/question/201904/407760.shtml,东莞市东城区万达广场金街没有信号，去到金街商铺里面完全无服务！希望贵公司可以去查看，1栋51号的黄茶就是特列，一楼只有一格信号，二楼就完全无服务了,柠檬夏,2019-04-08 10:18:03 
提问：塘厦田心鹿乙北路2号地下污水管堵塞至街面污水横流,编号:212202,http://wz.sun0769.com/html/question/201904/407709.shtml,,杨拥华123,2019-04-07 15:46:58 
提问：厚街祠边公寓问题,编号:212184,http://wz.sun0769.com/html/question/201904/407692.shtml,,0904czq,2019-04-07 15:13:26 
提问：东城温塘祠下新村东区旁边小山头到处圈养家禽,编号:212185,http://wz.sun0769.com/html/question/201904/407691.shtml,多年来，东城温塘祠下新村东区旁边小山头搭棚到处圈养家禽（鸡），范围越搭越多，越搭越大，家禽有时到处跑，弄到粪便到处都是，臭气熏天，地面垃圾（胶袋）到处都有，很脏。而且搭棚材料是易燃物料，若发生火灾，后果非常严重!请有关部门重视！,@天下为公@,2019-04-07 15:13:30 
提问：小区内无证修车,编号:212188,http://wz.sun0769.com/html/question/201904/407701.shtml,"企石铁炉坑春城路6巷无证修车,占用住户车位",贝克汉堡,2019-04-07 15:23:44 
提问：投诉长安镇明珠广场门口长期乱摆卖现象,编号:212187,http://wz.sun0769.com/html/question/201904/407690.shtml,尊敬的领导：           感谢您在百忙之中帮忙处理投诉，我要反映的是长安镇明珠广场门口长期乱摆卖现象，严重影响长安镇的市容市貌，作为文明城市的长安镇应该大力整治这种行为。上次投诉后回复说已经处理，但是现在还是一样没有改变。你们的整改通知书好像没有力度，他们都不当一回事，能否真正帮忙彻底整治一下，如再违反重责，还市民一个优美生活居住环境，谢谢！,长安a001a,2019-04-07 15:13:52 
提问：石碣煤氣垄断,编号:212191,http://wz.sun0769.com/html/question/201904/407697.shtml,石碣煤氣存在垄断現象，一罐煤氣要130左右。據了解石湾那边煤气才90左右，送煤氣的小哥自己也說，石碣煤氣被垄断了。我想說的是，現在政府一直在喊“打击一切垄断黑势力”，煤气是石碣市民每天生火做饭的必需用品，黑势力居然那么猖狂，搞起垄断，如果不是后台势力足够强大，谁敢撞枪口上。我见该网站有人投诉，但该问题依然为解决，而且垄断了将近一年多的时间。敢问政府，是否能够真的解决民生问题？一年前的煤气价格在85-105不等，煤气价格居高不下？请问政府官员，是否真的去解决了民生问题？如过让黑势力继续猖狂，明目张胆的谋取黑利，以后政府的颜面何在，权威何在？,雪兒520,2019-04-07 15:24:06 
提问：沙田天琴湾楼盘售楼部占道违建,编号:212193,http://wz.sun0769.com/html/question/201904/407698.shtml,"沙田天琴湾楼盘售楼部严重占道违建, 造成原本笔直的四车道的福隆路在与临港路交界区变成两车道，而且还拐了一个大弯，将路边绿化的树木也砍了不少。。。。。。",xiaolii,2019-04-07 15:24:35 
提问：私人工厂日夜24小时开工，噪音非常大，影响我们附近居民正常休息,编号:212152,http://wz.sun0769.com/html/question/201904/407641.shtml,大朗洋坑塘新围二街四巷8号二，三楼私人工厂日夜开工，机器发出嗓音非常大，影响我们附近居民夜间休息，已投诉几次，每次说已处理，但还是一样吵，没有解决，请问有部门会真正处理好这问题吗？,jane@45,2019-04-06 10:47:28 
提问：东莞市常平镇横江夏派出所附近居民乱收费,编号:212154,http://wz.sun0769.com/html/question/201904/407643.shtml,本人在清明假期到东莞常平隐贤山庄游玩，由于附近堵车，就把车子停在附近派出所旁边，停好车后，有个阿姨拿一个微信二维码过来收费，说停在村道就要收费，当时由于顾着游玩而且看到周边有些车子被贴上盖着村委会盖章的违停处罚书并且放气，想着出来玩就没有计较并给了钱，但是后来想想，停在派出所旁边，派出所熟视无睹？不作为？这样的收费合法？村民是否有权收费（一天估计也有几百元）？路权是否属于村委会？村委会是否有权把公民的私人财产汽车放气？如果当地政府继续纵容这种行为，是否不作为？如果下次还出现这种情况，将向媒体曝光相关信息,林汇文,2019-04-06 10:49:44 
提问：住宅区中的工业噪声扰民（散乱污）,编号:212153,http://wz.sun0769.com/html/question/201904/407642.shtml,,戮默逸痕,2019-04-06 10:48:38 
提问：OPPO公司通过各种游戏渠道骗取未成年儿童大量刷现,编号:212155,http://wz.sun0769.com/html/question/201904/407644.shtml,,168mn,2019-04-06 10:52:27 
提问：常平土塘工业二横路车辆乱停,编号:212156,http://wz.sun0769.com/html/question/201904/407645.shtml,常平镇土塘村工业二横路自从修路填好之后，两边的路都停满了车，这条路算是次主干道了，但是经常停了外地车辆弄得经常行驶缓慢,fghjhuang,2019-04-06 10:52:57 
提问：横沥曼唐趣品厂为赶货让员工连夜加班！,编号:212159,http://wz.sun0769.com/html/question/201904/407648.shtml,本人于3月27日至4月4日在东莞横沥智谷科技园B3栋曼唐趣品工厂做临时工，车间主管为赶货让员工连夜加班，并且中午连班。4月4日晚9点本人因身体极度不适申请下早班，车间主管不允许，本人只有自离，工作那么多天没有得到应得的工资。,jackd,2019-04-06 10:55:40 
提问：求助,编号:212158,http://wz.sun0769.com/html/question/201904/407647.shtml,尊敬的各位领导您们好；本人在东莞联能电力工程有限公司工作 ，2018年5月10日在东莞东城工作施工时不慎意外受伤导致胸椎骨折脊髓损伤导致截瘫，大小便失禁行动不便生活不能自理，目前在东莞环城路东城康复医院做恢复治疗，这种情况下公司到现在2019年4月5日近一年来一直没有支付我工资，也拒绝帮我请护理，没有办法我老婆只能辞职照顾我，现在没有收入来源，求助东城人力资源局好几个月了来来回回托人跑了十几趟就是两次电话调解，调解不成也没音信了，我现在很绝望！跪求各位领导给我指条明路谢谢,李111.,2019-04-06 10:54:38 
提问：废油污染,编号:212160,http://wz.sun0769.com/html/question/201904/407651.shtml,长安镇上沙社区中南中路22号旁边联合众泰工厂偷排废油废气废水，废油遇到水会变成白色，外面机器24小时噪音很大，望领导百忙之中抽空实地过来查看，解决人民群众的疾苦。多谢！,邓硕英,2019-04-06 10:56:57 
提问：投诉高埗城管“选择性”执法,编号:212163,http://wz.sun0769.com/html/question/201904/407656.shtml,高埗城管在高埗振兴路人行道对夜市摆地摊进行选择性执法，同一条街道，万和百货路段严禁摆卖，其他路段可以任意摆卖，这样的选择性执法严重违反城市管理相关法规，执法不公，难以令人信服！若此街道禁止摆卖，应当进行统一管理，都是中华人民共和国合法公民，法律面前人人平等，这样的执法，难免让人有所“猜疑”。请上级领导明察！,moyewang,2019-04-06 11:02:10 
提问：东莞景天花园即万科幸福噪音高达71，严重超出住宅噪音,编号:212162,http://wz.sun0769.com/html/question/201904/407653.shtml,东莞景天花园即万科幸福噪音高达71，严重超出住宅噪音，严重影响生理还是心理精神方面，本来购房交付放款之前，销售员都对我们消费者会在环城东路这边建立消音围墙，现在看到的围墙也只是简单的铁柱之类的，根本不存在消音围墙，我想请问，我们应该怎么办？希望领导干部能给出我们一个公道的结果。,tanaq12,2019-04-06 10:58:26 
提问：高埗镇上江城打麻将聚赌噪音扰民 ,编号:212164,http://wz.sun0769.com/html/question/201904/407657.shtml,"高埗镇上江城水乡健身俱乐部后面出租屋存在严重的晚上聚赌打麻将噪音扰民现象（周五周六晚上，周六周日白天最疯狂）,以下门牌号：上江城众兴街东北九巷1057/上江城众兴街东北九巷1055（高埗出租屋上江城村1区032）/上江城众兴街东北九巷1054，都是以营利为目的，在一楼出租铺位提供聚赌场所和设施给赌徒赌博。店主主要提供设施进行抽佣，胆子大的自己做庄家玩扑克牌九。     已多次报警，但仍然无法根治这种现象，根本原因在于高埗出警人员没有按照国家法律法规对聚赌人员进行执法处置。出警人员每次到达前要么打草惊蛇，对方就散了。就算对方在聚赌，出警人员也只是警告他们，并没有采取相关措施（没收赌博工具{有且只有一次}，罚款，行政拘留）。出警人还在大街上用扬声器当着聚赌人员拨打报警人电话，这是要让报警人遭遇报复？聚赌处罚成本如此之低，聚赌人员还怕什么。正是多次报警后，聚赌人员仍然安然无恙，人的坏心思就活跃起来，上江城众兴街东北九巷1057（高埗出租屋上江城村1区032）的隔壁多开了一家以营利为目的的打麻将铺位。     难以相信多次报警反而会助长赌博风气，问题还是在于高埗公安局的处理上，口头警告不管用。在网上搜索了一下2019年赌博新规定，根据《中华人民共和国治安管理处罚法》第七十条规定：以营利为目的，为赌博提供条件的，或者参与赌博赌资较大的，处5日以下拘留或者500元以下罚款；情节严重的，处10日以上15日以下拘留，并处500元以上3000元以下罚款。     再次以高埗镇上江城二村1094聚赌场所为例说明具体情况，希望有关部门体谅群众之不容易。     高埗镇上江城二村1094（水乡健身 后面第二排民房出租屋的铺位），该个体户每天晚上公然聚赌。每天晚上21点以后一群人在里面大张旗鼓聚赌到凌晨，或打牌九或打扑克或打麻将，公然聚赌到凌晨，经常发出吵闹声。喧哗声音特别大，已极大程度惊扰周边居民的睡眠质量，严重影响正常生活（很多居民是有上学的小孩子早上六点钟就要起床上学）。已多次报警投诉过，公安机关在1094出租铺位前张贴了赌博警告的条文，结果还是差强人意，他们完全无视公安部门对他们的警告，每天晚上拉下卷闸聚赌，进行打牌九或打扑克或打麻将等赌博活动。为防范出警公安，已经在这个聚赌场所四周架起CCTV视频监控，还派人在聚赌场所放哨，及时通知里面聚赌赌徒暂避风头，公安人员准备到达现场铁定无功而返。然后他们继续赌博，附近居民依然无法正常休息。村里面的辅警知道这附近赌博成风，巡逻时也经过这些地方，但就是不处理他们。这在很大程度上助长了赌博风气，使越来越多人搞这个。     已经多次在阳光网反映这个问题（编号:205004， 207912），希望相关部门能给予重视，加大对赌博等违法犯罪行为的查处力度，一举歼灭这些藏污纳垢的聚赌场所，净化社会风气。保障人民安居乐业。谢谢！",xyz1204,2019-04-06 11:04:36 
提问：关于万科幸福城临近环城路的噪音问题,编号:212168,http://wz.sun0769.com/html/question/201904/407663.shtml,,龙飞虎跃,2019-04-06 11:24:17 
提问：大朗犀牛陂村水厂路手机店噪音投诉,编号:212169,http://wz.sun0769.com/html/question/201904/407664.shtml,大朗犀牛陂村水厂路手机店的音响开得很大声，严重扰民，根本没办法休息，希望相关政府管管。,鸿泰文,2019-04-06 11:25:23 
提问：我要投诉东莞市讯怡电子有限公司,编号:212167,http://wz.sun0769.com/html/question/201904/407662.shtml,,金丽霞,2019-04-06 11:18:55 
提问：东城万科幸福城房子靠环城路噪音很大,编号:212170,http://wz.sun0769.com/html/question/201904/407665.shtml,,小雪儿xxy,2019-04-06 11:26:24 
提问：发烧开过敏药,编号:212171,http://wz.sun0769.com/html/question/201904/407666.shtml,4月3号晚上4点4分高烧38°7去位于石美的万江医院看病，医生说打个屁股针开点药回去吃，我说好，第二天吃完一天的药还是低烧37°8，去了东莞市人民医院看急诊，东莞市人民医院的医生问我记不记得万江医院那里开了什么药给我吃 我就说不记得其余的 到我记得有一样叫氯雷他定 然后东莞市人民医院的医生说你发烧为什么开个过敏药给你吃 吃了一颗我明明没过敏 昨晚到现在我的手一直痒 我想问万江医院的医生是不是没有毕业 还是当病人是水鱼随便坑 万江医院的各位医务人员的态度都是不敢恭维 麻烦给我个说法,讲的啊,2019-04-06 11:27:24 
提问：东城万科幸福城业主饱受环城路噪音扰民身心疲惫,编号:212172,http://wz.sun0769.com/html/question/201904/407672.shtml,我的小区东城万科幸福城靠近环城路，现在环城北路晚上超多大货车通行直至早上，且道路颠簸不平，发出巨大噪音，关上门窗仍无济于事，噪音已严重影响晚上睡眠。如果货车限时通行，晚上就更多大货车，噪音将更加严重。小区旁的马路上环城路的小车也非常多。请有关部门调研，在道路两旁和小区旁马路加装声屏障，恳求给我们小区业主晚上一个好睡眠！,不忘初心砥砺走,2019-04-07 14:38:55 
提问：东莞市麻涌镇南洲村自来水压力今年一直很低,编号:212174,http://wz.sun0769.com/html/question/201904/407668.shtml,尊敬的领导：    2019年南洲村的自来水压力一直非常小，而且压力频繁波动，压力一会大一会小，4楼及以上基本上无法洗澡，燃气热水器打不着火，电热水器一会热一会冷，2月份每个星期还有1-2天水压可以勉强洗澡，3月份到今天，基本上每个星期水压都非常低无法洗澡，被迫等到凌晨1-2点水压稍稍大一点才能勉强洗澡，持续时间很长了，严重影响居民生活，请领导协调处理，非常感谢！,徐先生888,2019-04-07 14:40:01 
提问：烧烤档摊位乱摆乱卖，屡教不改,编号:212151,http://wz.sun0769.com/html/question/201904/407640.shtml,塘厦镇，莲湖新村，缤纷时代广场，新明路61号，路口旁边有两家烧烤档通宵营业，噪音污染都严重，严重影响居民休息，城管部门过来处理过一次，但是不见成效，隔天又接的摆卖了，希望有关部门能严肃处理一下,luo0422,2019-04-06 10:46:55 
提问：华辉学校高年级学生在校内楼梯/走廊等位置向小学生强制要钱买烟抽... ,编号:212104,http://wz.sun0769.com/html/question/201904/407583.shtml,"华辉学校高年级学生(初中部)在校内楼梯/走廊等位置向低年级小学生强制要钱买烟抽...          今天听到这消息. 经问多位学生家长, 此问题切实存在. 有家长说孩子自己都经历过!!         建议学校加强这方面教育, 不要因为是民办学校, 只管向学生收取高额学费!!",mrjnf,2019-04-04 16:47:41 
提问：团贷网还我学生本金,编号:212165,http://wz.sun0769.com/html/question/201904/407660.shtml,,a435,2019-04-06 11:13:11 
提问：黄江镇康湖山庄自来水问题,编号:212112,http://wz.sun0769.com/html/question/201904/407593.shtml,您好！我是黄江镇康湖山庄的一名业主。以前也有很多业主投诉过康湖山庄自来水质的问题，由于小区内的水管年久陈旧，目前水质非常差，铁锈味非常浓，管路也经常爆裂漏水，并且每次停水维修后，自来水就和污水一样。由于自来水厂管线只铺设到小区外总管，小区内的管道为原开发商铺设，由于整体更换管道的费用较大，目前是自来水厂也不管，小区物业也说无力承担费用，造成了两边不管的状态，这可苦了我们业主，改善自来水水质的问题就一直搁浅（2013年就有业主投诉），恳请政府领导能够从中协调水厂和小区物业两方，能够想办法让小区里的业主彻底喝上干净的自来水。谢谢！,清茶苦香,2019-04-05 09:50:31 
提问：关于高埗镇新世纪颐龙湾小区外路段无路灯问题,编号:212110,http://wz.sun0769.com/html/question/201904/407591.shtml,高埗镇新世纪颐龙湾小区高层住户外的路段长期是黑灯瞎火的，装有路灯但是从来没见到有开过。该路段车流量大，小区出入人流量又多。到了晚上由于路上无路灯，导致很多车都是开着高光通行。我曾经试过对向的车开着高光，导致我车开不见前方，差点撞上路人。就算不说交通安全问题，也要考虑下治安问题。一整条路段都没有路灯，会不会是给打劫的人提供一个机会呢？    希望市政能理解普罗大众的诉求，既然路灯已经装上了，麻烦也开下灯。让开车通行的人不需要打高光，让夜行的人不用担惊受怕。谢谢！,大懒关,2019-04-05 09:48:31 
提问：噪音扰民 ,编号:212109,http://wz.sun0769.com/html/question/201904/407590.shtml,樟木头镇笔架山路122号对面 东莞市升平精密模具配件有限公司 冲压机噪音很大 有时间连续白天工作一天 噪声很大 白天马路对面都无发正常休息 他们也不是每天这样 一个月总有8天左右是这样 虽然他的楼上没住户 对面有呀 噪声太大了 希望有关部门重视一下 根据相关环保法 是否合法 希望尽快给与解决。,阳光下的百姓,2019-04-05 09:48:21 
提问：东莞爱车钱包网络科技有限公司“车钱包”充值迟迟不到账,编号:212111,http://wz.sun0769.com/html/question/201904/407592.shtml,,爱她终究是我的,2019-04-05 09:49:08 
提问：户政事项办理只能预约不能现场取号，并且如有失约在一个月内不能办理业务，是极度不合理,编号:212115,http://wz.sun0769.com/html/question/201904/407597.shtml,,快乐女王,2019-04-05 09:54:47 
提问：政府一直给不了我答复为什么享受不到自己村民该有的福利,编号:212118,http://wz.sun0769.com/html/question/201904/407600.shtml,我是桥头镇江湖贝二队的村民。现在江湖贝的人是莲城社区户籍归莲城社区管理。但是江湖贝的村民都享有自己村民该有的福利。为什么就我们这家的和我叔家的享受不到自己村民该有的福利？我们有土地证难道不是江湖贝村民吗？为什么几次去莲城社区都给的答复都是要等政府？这个期限是多久呢？我们也去过桥头政府哪里上访也是给出答复10天。现在已经过了10天有多为什么都没有答复？难道就我们不能享受吗？为什么其他的都能享受呢？是不是存在针对呢？,斌12321,2019-04-05 09:57:36 
提问：噪音扰民,编号:212120,http://wz.sun0769.com/html/question/201904/407602.shtml,赤滘北村篮球场旁早上噪音扰民，早上六点开始放音乐，声音太大，多次交涉多次投诉都没有改变，严重扰民，希望有关部门能帮助解决。。。。上次投诉后，村委会方面交涉后依然没有改变。。希望有关部门能重视问题，解决问题，谢谢,深水步惊云,2019-04-05 09:58:27 
提问：野蛮施工危害居民生命安全,编号:212117,http://wz.sun0769.com/html/question/201904/407599.shtml,"东莞市长安镇中兴北街剧院东巷靠近影剧院的巷口第一家拆建房子，每天五点多一点就开始施工，吵闹得周围不安无法正常休息。建筑垃圾直接从楼上扔下来，不管不顾楼下是个人来人往的道路。污水横流，下水道被堵塞，周围几栋楼的生活污水无法排走，多次投诉我行我素，根本不理睬。难道非要等砸死人才会引起重视吗？楼上经常飞下来钢筋，水泥，砖块，时刻威胁过路行人的生命安全，请赶快解决,千万别等出人命了才重视。",jumin,2019-04-05 09:56:23 
提问：万江庆丰村持续十年多的烂路,编号:212119,http://wz.sun0769.com/html/question/201904/407601.shtml,这里是万江庆丰村进入庆丰一横街的烂路。已持续10多年，一直保持这样的脏乱差，垃圾被随意扔放，严重影响附近居民生活！附近也再找不到比这更脏的地方。请有关部门给出答复和尽快处理。,ajt12,2019-04-05 09:58:16 
提问：一个方向的车没素质,编号:212122,http://wz.sun0769.com/html/question/201904/407604.shtml,塘厦镇环市西路和塘龙东路交叉口(塘厦医院附近)环市西路往北方向的车辆素质特别差，明知道他们走直线的方向堵车在红绿灯快到时还是走到十字路口一两接着一两把路口堵住，然后害的别人接下来塘龙东路往塘龙中路(往西)方向的车尽管绿灯了但路被他们堵住结果过不来。也没有交警来管管那些没素质的司机。,冷血汉魂,2019-04-05 10:00:11 
提问：掉头车辆严重影响旗峰路最左侧的两条左转车道的通行效率,编号:212123,http://wz.sun0769.com/html/question/201904/407605.shtml,,kotoyo1516,2019-04-05 10:01:51 
提问：厚街万达科蒂英语培训机构不与正当退费,编号:212134,http://wz.sun0769.com/html/question/201904/407618.shtml,,yaycolin,2019-04-05 10:29:55 
提问：女儿未满16周岁要求更改名字却受到未理退回不予受理，群众有自由命名的权利,编号:212132,http://wz.sun0769.com/html/question/201904/407614.shtml,本人于2018年3月6日向茶山镇公安分局申请更改女儿名字，(未满16周岁）由于出生时医院的出生证将名字打错，造成当时入户只能按当时错名作第一次名字处理，同时当时马上改成正确字，现由于女儿与前辈名字同音，老人们觉得对先人不敬我们被认作二次改名要到市公安局审批，但先辈的所有有效证件均无法提供，市公安局市驳回改名申请，我想问问哪条法律规定公民不能更改名字？国家哪条规定，到底是人为还是规定，现在是说不行就不行，我们党领导下居然还有如此不尽职，刁难公民之事，天理何在？希望还我公正，按我所知公民是有改名的权利的，现在女儿听了老人的话心态一直不好，你们是想逼到我们到什么地步？我经过一年时间去找相关证据都无法找到，我想问下现在我要如何才能得到领导们的同意改名？,烦心姐,2019-04-05 10:27:03 
提问：服务态度、办事效率,编号:212124,http://wz.sun0769.com/html/question/201904/407606.shtml,4月4日下午到东莞高埗税务分局办理契税，3点多到办事大厅。拿号后，前面显示有2人，等了近两个小时，直到 5点多才办            （应是专门窗口，全是办契税的），请问：             1、正常办个契税需要多长时间？注意：还是2人，有一个女同志辅助已先将相关资料处理了（此问政跟该女同志无关）。             2、期间叫我们拿卡，还没掏出就催快点，说要不然电脑程序那又要什么重新再来！啥意思？就算有那么赶，为啥不可以提早一点提醒                  办事群众先准备？哪怕10秒钟也好。我是中年人，如果是上了一定年纪的群众又咋办？             3、每办完一事项，相关资料是不是应正常还给群众，而不应该随手一丢？这应该是3岁小朋友在幼儿园就应该学会的最起码的待人接                  物的礼貌吧？！  当然，若只是一份资料也可理解为办事员不经意，若连着几份资料都这样随手一丢，我们就很难理解了，再加上                  当事人是年龄不小的中年人，我们就觉得更不可思议了！试问：我们就算给乞讨人员施舍是不是也不会这样随手一丢？             4、更不可思议的是：当我们正常提醒办完事资料不要随手一丢时，作为当事人不但不接受正常的意见，竟还大声吼叫？！在窗口为了                  不影响后面群众办事，我们选择先不理会。有当事人员的姓名、相片，但本着对事不对人，所以在此暂不公布。             5、现回忆起来：当时在我们前面交税的群众说他们已经等了很久了，叫我们要有思想准备。后我们发现有一个规律：3点多时办理一                  个的时间特长，后面4点多稍快，5点多更快，几乎不到前面的五分之一的时间，作为普通群众，不懂，求解？！                         作为国家公职人员，你代表的不是你个人，甚至也不是你所在的单位，面对办事群众起码的“规矩”还是要讲的。,竹林农夫,2019-04-05 10:02:29 
提问：讯怡电子科技有限公司诱导孩子消费,编号:212133,http://wz.sun0769.com/html/question/201904/407615.shtml,,jiapeng,2019-04-05 10:28:54 
提问：长安镇沙头社区沙区村民小组违建,编号:212127,http://wz.sun0769.com/html/question/201904/407609.shtml,,cansi,2019-04-05 10:15:09 
提问：中山东路往石湾桥方向，车辆左转上桥导致双向拥堵，必须禁止车辆出中山东路左转上桥！,编号:212135,http://wz.sun0769.com/html/question/201904/407620.shtml,,amiko_zhang,2019-04-05 10:30:30 
提问：最美小镇清溪碧桂园天誉长期被废气困扰,编号:212138,http://wz.sun0769.com/html/question/201904/407623.shtml,市环保局的领导，您好。        废气污染对人体健康的危害，除可引起呼吸道和肺部疾病外，还可对心血管系统、 肝等产生危害，严重的可夺去人的生命。清溪碧桂园天誉一直被废气污染包围。很多业主因为废气污染呼吸困难、咳嗽、头晕等等。条件好的业主搬离了小区，还有些业主因为废气污染，放着两百多万的房子迟迟不敢入住。    2018年下半年开始，清溪碧桂园天誉一直被废气污染包围。业主多次投诉无效。11月29日我们去了90个人左右去清溪信访办，污染才好了几个月。    近期，附近又有工厂开始晚上偷排，居民健康受到威胁，受害居民苦不堪言。工厂排废不定时的和我们躲猫猫，我们实在没办法，只有请求政府支援。我们打了清溪环保局留下来的电话，通过政府12345、12369电话投诉，投诉过后就好两天然后又偷排，事情终不得彻底解决。当初看中的是中国最美小镇—清溪镇，现在却整天生活在废气当中。为了我们的中国最美小镇，为了我们大家的身心健康，少些轻松筹，受害群众只好恳求政府，解决这一“排污难题”！ 还我们一片纯净的天空。,王萍0226,2019-04-05 10:32:07 
提问：私人民房用作仓库阻碍道路且存在严重消防安全隐患,编号:212137,http://wz.sun0769.com/html/question/201904/407622.shtml,东莞市东城街道主山大塘头新兴街东三十六巷7号私人民房出租给某公司当作仓库，经常性装卸货阻碍道路通行，且工作人员不愿意让行，民房内纸皮货物多杂乱，未见任何消防设施，构成严重消防安全隐患，一旦发生事故，对周边居住民众构成巨大威胁，望有关部门能及时处理。,树仔90,2019-04-05 10:31:16 
提问：南城区体育横路长期深夜有大货车在大马路下货，长期影响居民生活,编号:212139,http://wz.sun0769.com/html/question/201904/407626.shtml,南城区体育横路长期深夜有大货车在大马路中间，下货，长期影响居民生活，由大天变成深夜下货，发生巨大的响声，严重影响居民生活。,荷里活小姐,2019-04-06 10:21:52 
提问：大岭山镇大岭村龙亿五金厂噪音扰民。,编号:212141,http://wz.sun0769.com/html/question/201904/407628.shtml,,lee_c,2019-04-06 10:24:28 
提问：非法圈养大型犬类严重影响城市卫生及噪音,编号:212143,http://wz.sun0769.com/html/question/201904/407630.shtml,尊敬的领导！我们天天路过一个臭气熏天的公共通道，时不时踩下狗屎！能不能领导帮忙解决一下这问题？东莞市莞城区罗沙新兴北路8巷中间一栋房子圈养大型犬类！到底八巷通道长期臭味难闻！养犬人将犬类排泄物直接冲洗至公共通道，导致公共通道长期纯在犬类排泄物，严重影响周边居民生活。请相关部门核实处理，谢谢！,逼桂圆是个坑,2019-04-06 10:32:45 
提问：东莞市骏安押运有限公司丑陋的一面,编号:212144,http://wz.sun0769.com/html/question/201904/407632.shtml,我是骏安押运有限公司的一名内部老员工，我要举报2019年3月份公司员工在考枪试中作弊，笔试全是抄袭的，枪试射击过程中有一半员工是不合格，然后不合格的即时补考，不管多少分全部通过。根据以往的情况是不能即时补考的，我怀疑公司因为急用枪证收卖了考官。望各界人士严查监督，重新出卷考试。因为枪是一样很危险的东西而且是散弹，如果对它的安全知识缺乏了解，或者使用不当，一有不甚随时对多个人造成生命危险。就拿长安枪击事件来谈吧，你看对社会造成多大影响。如果当时那个护卫对枪使用知识有一定了解，那个无辜的市民就不用死了。     现在公司招不到人了，竟然小学初中生都招，而且很多都染发，身上有纹身的。我都不明白社会上各大银行为什还会同骏安押运公司合作，而且这骏安公司是东莞市内收费最高的公司，跟其他两间押运公司比，给内部员工待遇最差的一间公司，护卫员、业务员才2800的工资，司机3100。人家可是拿着生命危险为你做事的。其间这公司还招了一批未成年的员工进来后来被查了，招不到人过年前还招了一批临时工。去年国家规定提高底薪，要不是员工们不上班，这公司还不提。公司招不到人，员工们的年假迟迟未放，那些队长每个星期双休都不上班，劳动合同到期了年假未补，员工们要走了，公司还不补钱，现在又闹到了劳动局提起了诉讼。3月份员工们签的劳动合同不合格又被查了。4月底了又一批带有枪证的员工要走了，所以公司不择手段，想尽办法要拿到枪证。希望有关部门进行严查,a28d68n,2019-04-06 10:36:23 
提问：东莞市康华医院医疗纠纷，门诊部门失误，错给患者用药，欺骗患者,编号:212145,http://wz.sun0769.com/html/question/201904/407633.shtml,4月1号去康华医院门诊妇科检查，询问医生能不能在这里做无痛人流当天可以回家不用住院的（再三跟医生确认，如果住院我就选其他离家近的医院），医生告知可以做，在做了各项检查，交了各种费用之后，病人都已经用了药，上了手术台镇静剂都打了被告知要住院，不能门诊做手术，病人不同意要求退钱换其他医院做，由于用了药又不能做手术病人已经开始出血，此时医院的医患部门廖**主任，答应退全部费用，但病人已经出血多不能转院，同意退门诊所有费用并承担住院所花的所有费用，在病人住院后做完清宫手术后，廖**主任又出尔反尔答应的退费承担药费又不同意了，要求病人自己承担，此医院一再出尔反尔，忽悠病人，错误给病人用药，给病人带来了很大的精神压力，实在有失医德医风，请有关部门能够严肃处理，给病人一个公道！,qibmiao,2019-04-06 10:39:55 
提问：家门口被抄牌,编号:212147,http://wz.sun0769.com/html/question/201904/407635.shtml,麻三一坊车位太小，为什么自己村里停放车辆，没有阻碍道路交通情况下晚上也抄牌？村了没车位那我回家车放哪里？请相关部门处理，谢谢！,mqt,2019-04-06 10:44:30 
提问：公司实施放假，拒付工资。,编号:212149,http://wz.sun0769.com/html/question/201904/407638.shtml,洪丘五金制品有限公司于2019年元月26日至2月13日实施春节放假。但在计发元月和2月工资时不给员工计发工资。,xiaoky,2019-04-06 10:45:56 
提问：无收费许可证，非法收费,编号:212150,http://wz.sun0769.com/html/question/201904/407639.shtml,长安锦厦中心市场，存在无收费许可证收取单车停放费问题，请市场监督管理局、物价局予以取缔。,mai_ca,2019-04-06 10:46:12 
提问：住宅区内藏非法喷漆加工厂，闻了头晕眼花，恶心想吐,编号:212114,http://wz.sun0769.com/html/question/201904/407595.shtml,东莞市厚街镇裕鹤新村二巷6号附件藏着一个喷漆加工黑点，每天不定时喷漆，都是带着防毒面具，每当一喷漆，基本整个裕鹤新村都覆盖一层浓烈的气味，闻了头晕眼花，恶心想吐，我家住600米开外7楼都能闻到，可想而知附近的居民是什么惨状。    这种很明显是黑加工厂，没牌照的，不定时开工，一开工基本连阳光商业城都能看到油漆覆盖巷子的情况。希望相关部门来管管，他们不定时开店，所以可能要执法人员辛苦点，能抓个正着最好。    这种油漆对人体伤害实在太大，希望能尽快处理，他们门前都是油漆的颜色，可见多厉害。,小近视yan,2019-04-05 09:53:29 
提问：中国电信强制收费升级光纤,编号:212103,http://wz.sun0769.com/html/question/201904/407584.shtml,东莞电信强行剪断下桥花园城铜缆关闭固话信号，导致固定电话不能使用，要交费300元升级光纤才能继续使用固定电话,kavin16,2019-04-04 16:47:37 
提问：请交警叔叔加强执法,编号:212101,http://wz.sun0769.com/html/question/201904/407579.shtml,,q971599103,2019-04-04 16:29:34 
提问：万江金泰金鳌洲6巷46号私自塔建大铁架子,编号:212100,http://wz.sun0769.com/html/question/201904/407580.shtml,,一天一天过去,2019-04-04 16:29:30 
提问：邮政银行房产买卖放款一直拖着已经有两三个月,编号:212102,http://wz.sun0769.com/html/question/201904/407582.shtml,房子买了，在邮政银行申请银行贷款日期为2018年11月12日，房子抵押是2019年1月25日。银行那边到现在一直没有放款，而且问他一直拖着，说二月底可以，说到现在款都没有下来，那笔款项是等着救命的，一直拖着。希望有关部门可以管一下,林@林,2019-04-04 16:32:58 
提问：房子受损，多次追讨赔偿无果！！,编号:212059,http://wz.sun0769.com/html/question/201904/407513.shtml,,kk-007,2019-04-04 15:11:27 
提问：臭气熏天的垃圾桶--南城文化广场公交站旁,编号:212057,http://wz.sun0769.com/html/question/201904/407514.shtml,,alice68,2019-04-04 15:11:18 
提问：投诉沙田立沙新区高速收费出入口晚上大货车喇叭噪音扰民无法入睡,编号:212066,http://wz.sun0769.com/html/question/201904/407526.shtml,投诉沙田立沙新区高速收费出入口晚上大货车喇叭噪音扰民无法入睡，自从虎门二桥通车后喇叭噪音更加多，不断有大货车连鸣喇叭，我们住立沙新区的市民晚上无法睡眠，加上家中有小孩经常晚上惊醒，我们住沙田高速口附近小区，一到晚上11点到隔天2、3点喇叭噪音很大声，严重影响我们睡眠情况，希望相关部门去查实，还我们市民一个安静睡眠时间,0769沙田,2019-04-04 15:23:39 
提问：再次投诉非法霸占集体土地违法建筑,编号:212064,http://wz.sun0769.com/html/question/201904/407522.shtml,虎门镇南栅社区八行坊十三巷1号，1－1号，1-2号共3间房（原本是八行坊小组集体停车场）。2002年，一村民不顾村集体及村民极力反对，罔顾集体利益，无理侵占同拆除八行坊村里原停车场400平方米，在没有任何手续和任何证件下在上面强行抢建了栋住宅出租，给村小组和村民经济利益带来了巨大损失。多年来村民一直投诉反映都没有得到任何处理结果，希望有关部门调查尽快处理，拆除霸占集体土地的房屋，还村民一个停车场。望相关部门严肃处理村霸，扫清村里恶霸，赔赏村民多年的经济损失，还村民一个公道。时试问这样无法无天霸占集体土地都可以吗？（上次贵局回复:己对屋主发出《询问调查通知书》，要求当事人限期到虎门分局进行询问调查，同时对此情况进行跟进。）请问贵局现在跟进如何进展？村民多次投诉都没有实际回复，一拖再拖又十年，难道可以这样霸占十几年都相关无事吗？还是这样霸占集体土地都可以？是不敢处理还是有保护伞处理不了？恳请贵局尽快处理清拆这违法霸占集体土地建筑。,goujian,2019-04-04 15:16:44 
提问：莞城东江大道新沙公交站后面的斜坡垃圾满天飞,编号:212070,http://wz.sun0769.com/html/question/201904/407534.shtml,莞城东江大道新沙公交站后面田心新村的垃圾垃圾满天飞，环卫工人见到都愿意清理，现在春季容易积累蚊虫传染登革热，还有这边的大树几年没人修剪，都快倒下来了。希望能处理一下。,qq999888,2019-04-04 15:30:34 
提问：投诉东莞市石排嘉明幼儿园为了参加石排镇的篮球比赛让孩子从早练到晚,编号:212071,http://wz.sun0769.com/html/question/201904/407532.shtml,,诺妍nuo,2019-04-04 15:30:39 
提问：道路噪音,编号:212072,http://wz.sun0769.com/html/question/201904/407533.shtml,,puppy11,2019-04-04 15:30:43 
提问：房屋问题（下）,编号:212074,http://wz.sun0769.com/html/question/201904/407535.shtml,我家住洲涡边海新村修高铁路旁边，2018年初因修高铁打地桩问题影响到周边的房屋出现裂痕，渗水，掉皮的现象，后经村委的协助，对方公司也对出现问题的房屋进行了金额赔偿，起初的赔偿金额是原来的一倍，因村民对此不满意后来加至两倍，例：（我家起初是1600元，现在是3200元）。对方公司赔偿时还说如果对金额不满意可以要求上门维修的，但一年过去了，高铁差不多落成了，对没有签同意书的我家去村委会反映情况，我家房屋裂痕、渗水严重，对赔偿金额不满意，让对方找人上门维修，希望村委能协助，但村委会却答复让我家尽快签同意书，大家都签了，就剩我家，不然赔偿金都没有。对于这样的答复却实没有尽其责任，大家签名同意了我也要签同意吗？？我对对方给出的赔偿金额是怎么得出来的都有疑问？希望镇政府能协助帮忙，有相关的法律中心可以协助吗？？         就上述情况，得到的回复是洲涡村委会作为第三方协助双方达成共识，但等了一个星期没有见洲涡村委员会有主动的回复，只好自己上门找村委员会再次说明情况，村委员会回复是给了对方的电话号码我，当面给对方打了电话让我自己说，对方的回复是不会派人上门维修，就原来的赔偿金额加多1千至2千元，以后找我也没用，是保险公司定的，我只是传话的，不同意的话你可以告我们，让法院来裁决。我要求对方派人下来谈谈遭到了拒绝。         就此，第一，洲涡村委会并没有尽到协助责任，只是给个电话号码我自己处理，为什么不约双方面谈，让对方派人上门再次检验房屋损毁情况，就回复问题后一个星期了也豪无下文，还是自己上门再提问题后给个电话了事。难道网上的问政平台就回复文字了事，不用实干吗？还是村委员会太忙了？第二，对方现在推卸责任，找他们没用，要打保险公司。第三，对方原先说的二个方案金额赔偿和上门维修，现在只有金额赔偿，不会找人上门维修，不满意可以打官司，是出而反而吗？还是大集团欺凌小市民？还是明知小市民没钱打官司，没钱请第三方再次检验房屋提出反驳，最后还是要妥协大集团的条件。真心希望镇政府能给予帮助，而不是通过媒体的介入或者一些极端的做法才得到关注。就赔偿问题上可能认为我就是为了钱，但我坚决的回答是不是，我只想寻求一个公平、公正、双方平等，和平共识的解决方案。,谭小姐2,2019-04-04 15:35:00 
提问：高裕北路408号门口乱摆 影响市容为何只有这家店不需要调整？,编号:212075,http://wz.sun0769.com/html/question/201904/407536.shtml,,5681520,2019-04-04 15:35:05 
提问：投诉樟木头镇中惠香樟绿洲碳烤羊腿店违章建筑,编号:212068,http://wz.sun0769.com/html/question/201904/407527.shtml,尊敬的各位领导你们好！            我是东莞樟木头镇中惠香樟绿洲5栋2单元的居民，投诉1楼碳烤羊腿店严重扰民。           2018年10月份1楼碳烤羊腿店为盈利扩大门市面积，碳烤羊腿店刘*光带领多名人员闯进我院中强行安装10多米长的大型油烟管道，不顾反对，将油烟机管道强行安装在我3楼阳台围墙上，卧室的正下方，还扬言此处是他的地方，想怎么样你们管不着，真是无法无天。此阳台开发商交楼时，每家每户都是这样户型，使用权是3楼业主不是1楼门市，炭烤羊腿店私自强行建造，严重影响了我居民正常生活。这种行为难道不违法吗不应该追究责任吗，与管道一起安装的还有一台油烟机器与牌匾，和几台空调外机等。空调外机已拆除。      与油烟管道相连接的另一端是油烟机器，这台油烟机器安装时未作任何隔音处理，碳烤羊腿店不主动作隔音，反而让小区业主自己做隔音窗隔音门等，态度十分嚣张。碳烤羊腿店已各种理由拖延机器做隔音处理，诸多借口故意搪塞，碳烤羊腿店只顾自己利益，不管他人感受，已过去半年有余，业主们屡屡投诉噪音，但都未有结果，油烟机器与管道的噪音严重影响居民的正常生活，无法睡眠，但都无人管，直到3月20日城管所的人来了，噪音才略有改善，但这几天噪音又好大了，希望政府能继续监督，防止噪音扩大。            安装的还有一个超大广告牌匾，3楼院子阳台的正前方，超出围墙2米多高，严重遮挡视野，阻碍室内采光，此时的3楼阳台左有80公分高的管道，前有超围墙2米多高的牌匾，站在阳台上非常不舒服，希望政府帮忙能够整治这些违建行为，降低牌匾。碳烤羊腿还带领许多安装工人擅自闯进3楼阳台上进行大量的空调外机安装和放置，业主多次阻挠无效后，又强行安装，无奈之下，碰掉了空调外机的盖子，可能空调外机的线断掉了2根，为此还要讹诈我一万多元钱，说是维修费，这不就是敲诈勒索吗。            5栋2单元的居民强烈要求拆掉围墙上油烟管道 ，另放别处，如果拆不掉油烟机器，就做好隔音不要影响其他人，希望降低牌匾不要超过围墙。还有物业，深圳市开元国际物业管理有限公司，无作为，还同意安装，这个物业有很大问题，炭烤羊腿店有没有官僚主义的“保护伞”，希望有关部门调查一下吧。不合法的强行安装牌匾，管道等，影响了房屋本身的价值。由于这些因素，已经没有人愿意租这样的房子了，只能空房子放在那里，卖掉都很困难了，在这漫长的投诉时间里，这样的损失谁来负责呢。如果要拆除却要走很多程序，甚至几年以后程序还没有走完，强行拆除不可以，强行建造就可以了，这是什么逻辑？不合法的安装真就不能强行拆掉吗？          这是种社会乱现象，各种噪音影响公共环境，几米高牌匾超出围墙甚至挡住窗口，隔壁邻居养些宠物半夜不停乱叫，等等，为什么会这样，是执法不严还是相关法律不够完善呢，我觉得更多一些是法律不够完善，我咨询了律师，法院起诉虽然可以拆除管道，降低牌匾，但流程繁琐，程序复杂，更何况是电话或者网络投诉呢，也不知道要等多久。我是一个受害者，之前以为永远不会有这种事发生在我身上，可偏偏就发生在我身上，像我这种困境的人中国应该有很多，希望政府能够尽快整治改善一下民生吧。          我们是基层的百姓，希望有关政府重视民生，关心民生，解决群众生活中遇到的困难，真心感谢政府。                                                                                                                                        中惠香樟绿洲业主真诚感谢你们！2019年4月4日,x-天行道,2019-04-04 15:23:49 
提问：投诉常平沙湖口旧围区出租屋大量堆放垃圾,编号:212079,http://wz.sun0769.com/html/question/201904/407550.shtml,1、投诉常平沙湖口旧围区周边出租屋大量堆放垃圾，引发老鼠群居，严重影响他人生活 ，引发矛盾。2、外来人员在出租屋内圈养多只狗只，晚上经常叫喊，影响他人睡眠。以上两项多次投诉一直处理未果。,annie8028,2019-04-04 15:45:31 
提问：厦边村头围三街39号理发店以及美宜佳便利店占用公共资源不让过去,编号:212081,http://wz.sun0769.com/html/question/201904/407546.shtml,这边道路本身就非常窄，单向只能过一辆车，结果他们在路口用东西把路拦了，搞得来回车辆只能走一条车道经常拥挤过不去，这道路原本四车道，中间两车道供停车，他们把行车道占了，导致大家只能走一条车道，希望早日管理一下，周边群众出行极为不便！    地址：东莞长安镇厦边村沿河路头围三街36、39号美宜佳、理发店，就是这两家干的好事，如果没空也可以让治安队过去了解一下，我可以实名保证是事实,dio,2019-04-04 15:45:41 
提问：强烈要求自来水公司对江南第一城小区一户一表，担起抄表计费责任,编号:212069,http://wz.sun0769.com/html/question/201904/407511.shtml,南城江南第一城自来水水费，一直是物业公司代收。    一、问题    （1）业主质疑水费收取有问题。很多业主在水费出来时候，都惊讶于水费之高，高出过去在其他小区同类高层很多，甚至有部分业主长期未居住，房屋无漏水的情况下被收取了很多水费。业主对此产生质疑，怀疑物业多收水费。    （2）物业也很难自证。据物业表示，对业主质疑采取了措施，但是难以自证。也希望自来水公司接手抄表，但是物业表示曾联系，自来水公司不愿意来抄表。    二、诉求    （1）希望水务部门或政府有关部门协调自来水公司接受该小区的水表抄表计费责任（同一社区的江南世家就是自来水公司抄表）。（2）同时，对物业单方面表示自来水公司不愿意来的说法进行回应。        希望此事，尽快得到解决。,lazycet,2019-04-04 15:26:14 
提问：凤岗天安数码货车乱停放,编号:212085,http://wz.sun0769.com/html/question/201904/407559.shtml,为什么凤岗天安数码右转东深二路 一堆货车乱停放，无人管理。严重影响右转车辆的安全。        东深二路右转会天安数码一样也是货车乱停放，严重影响右转车辆安全，一直投诉一直没人管理。,随时问政啊,2019-04-04 15:53:20 
提问：东莞东城  懂车帝线下体验店  随意乱收费,编号:212087,http://wz.sun0769.com/html/question/201904/407558.shtml,近日在看车过程中，东城懂车帝线下体验店店长多次加价！在已经谈好价钱的基础上，第一次到店额外索要3000元服务费，第二次到店又索要6000元服务费，行为非常恶劣，一点诚信都没有，现在都是透明市场，没想到还有这种乱收费的操作，希望领导们明查！本来想买个车是开心事，没想到遇到这种事，车也看好了，价也谈完了，最后却失望而归！希望市场上这种乱收费现象能彻底杜绝！辛苦各位领导！,风语者a,2019-04-04 15:53:30 
提问：金田花园停水，请有关部门协调。,编号:212083,http://wz.sun0769.com/html/question/201904/407551.shtml,金田花园由3月中旬就开始没有规律的停水，白天也时不时的停，晚上就更多了。像    我们这些上班族一般8点才下班，到家8点半，但供水不到9点。叫我们这些住在小区    的小老百姓不能天天外出洗漱呀。做为政府为什么不能协调先供民众用水，工业用水    可以晚些供水。在既不影响民众用水的情况，分时间段用水也可以保证工业用水。麻    烦用关部门尽力协调一下。,aikawa,2019-04-04 15:49:02 
提问：保利中惠悦城车辆乱停放,编号:212088,http://wz.sun0769.com/html/question/201904/407539.shtml,尊敬的领导：         寮步镇楼盘保利中惠悦城周边道路车辆乱停放情况严重，严重违反道路管理，堵塞消防通道，周边道路狭窄，存在严重的安全隐患，多次反馈交警，并无前来进行处理乱停乱放现象。请相关领导处理此情况。,小月饼,2019-04-04 15:57:31 
提问：投诉一汽丰田4S店漠视消费者诉求，侵害消费者权益,编号:212076,http://wz.sun0769.com/html/question/201904/407544.shtml,事情经过： 我的车于3月17日上午9时许送到一汽丰田东城下桥4S店付费维修，维修内容为钣金喷漆。接车的为一李姓工作人员，当时承诺3月19日可以完成维修，届时会电话通知我。3月19日无接到电话，遂下午致电该工作人员，答复我说还未修好，需3月20日上午拿车。3月20日上午，去拿车发现喷漆颜色不对，比原车漆浅。4S店答复我说有一个色模没有货，导致有色差，需要等到货重新喷，叫我先把车开回去。3月22日通知我到货了，要重新喷，承诺3月25日一早送过去，当天可拿车。3月25日下午去拿车，发现色差明显，比原车漆颜色深。又说把车留在那里，重新喷漆。最后26日才拿到车，而且补漆最后一项抛光的工序没做。说等什么时候有空了再去做。           投诉事由：            1、色模没货，不事先告知客户，而随便调色喷漆，导致色差明显；            2、二次喷漆，调色不准，又出现色差；            3、第三次喷漆，工序未做完就交车；            4、拨打4S店投诉电话，联系一汽丰田，始终没有一个负责任的态度和道歉，只是敷衍客户；            5、整个事件过程中，4S店没有任何一个负责人联系过我，说明情况或者致歉；            诉求：            1、4S店负责人道歉；            2、赔偿多次往返4S店的交通费、误工费及车辆维修期间产生的交通费用，以及一次维修喷漆三次的车辆折旧费用；            如果该事件未得到妥善解决，我保留法律诉讼以及向媒体曝光的权利。,fred0126,2019-04-04 15:41:16 
提问：学校推销牛奶,编号:212080,http://wz.sun0769.com/html/question/201904/407545.shtml,想向教育局咨询一下事情，大岭山南华学校在订购牛奶这个事情上，首先订牛奶是好事。但是我觉得学校做学校该做的事情。就是教书育人，虽然说是自愿购买。但是给人的感觉就是推销牛奶。南华很多老师在拍视频，拍照都是学生喝牛奶，有些小朋友定，有些小朋友没定，感觉这样心里很不舒服。这就是一种推销。那么问题来了，老师的责任是教书。为什么做商业上的推销。不好好讲课整天在班级群发视频拍照那些订购牛奶的小朋友。给老师提了建议还不高兴，所以想问问订购牛奶是市教育局规定的吗。,汇中一匹狼,2019-04-04 15:45:36 
提问：大岭山原址家具学校为何不分早晚施工？,编号:212091,http://wz.sun0769.com/html/question/201904/407567.shtml,1、位于大岭山镇西正路188号（原家具学校），现再建一建筑（楼层过高不知是否属于违建），从去年开始一直施工，不分早晚，影响大家休息，本想着忍一忍工程早些结束也好，可是越来越过分，节假日也跟着施工，噪音极大。    2、劳动者有休息权，请问施工队凌晨12点开始施工至第二天8点，如何休息？    3、请问这么大声响，住在高层甚至隔壁邻居都无法入眠，难道相关监督部门没听见吗？    4、烦请相关部门到现场查看，督促施工单位对超过监测的部分机械设备及进行更换或改善，确保必要夜间施工时，不产生强噪音扰民。应要求施工单位使用性能优异的施工设备，并合理安排工序不集中使用。    5、建议加强对夜间施工项目的管理，并对记录的监控监测噪音数据进行查验。如发现违规施工的项目，立即进行制止，并停止办理夜间施工许可证明手续。    谢谢,花开花落@42,2019-04-04 16:06:18 
